,0,1,2,3,4
0,21.0,39.0,13.0,39.0,54.0
1,19.0,13.0,9.0,18.0,18.0
2,15.0,22.0,12.0,22.0,24.0
3,25.0,16.0,18.0,20.0,53.0
4,23.0,11.0,11.0,15.0,52.0
5,10.0,22.0,13.0,27.0,29.0
6,12.0,13.0,16.0,19.0,28.0
7,9.0,38.0,14.0,49.0,40.0
8,11.0,18.0,11.0,9.0,15.0
9,33.0,8.0,11.0,87.0,25.0
10,12.0,11.0,11.0,33.0,15.0
11,26.0,17.0,19.0,19.0,17.0
12,24.0,55.0,26.0,13.0,25.0
13,12.0,10.0,16.0,25.0,34.0
14,14.0,60.0,12.0,17.0,73.0
15,17.0,15.0,19.0,18.0,21.0
16,19.0,16.0,33.0,29.0,22.0
17,30.0,17.0,26.0,76.0,13.0
18,14.0,16.0,12.0,12.0,24.0
19,20.0,12.0,13.0,35.0,33.0
20,24.0,23.0,14.0,18.0,18.0
21,34.0,29.0,11.0,31.0,30.0
22,9.0,20.0,15.0,18.0,60.0
23,12.0,26.0,14.0,26.0,20.0
24,39.0,9.0,16.0,9.0,56.0
25,30.0,33.0,22.0,20.0,28.0
26,10.0,53.0,22.0,15.0,27.0
27,11.0,27.0,25.0,46.0,52.0
28,22.0,12.0,11.0,21.0,60.0
29,36.0,15.0,17.0,15.0,63.0
30,15.0,56.0,13.0,38.0,34.0
31,12.0,15.0,12.0,23.0,87.0
32,12.0,22.0,17.0,20.0,13.0
33,39.0,24.0,12.0,25.0,8.0
34,28.0,18.0,12.0,24.0,32.0
35,20.0,21.0,15.0,16.0,28.0
36,27.0,34.0,18.0,84.0,20.0
37,20.0,24.0,10.0,14.0,16.0
38,13.0,35.0,9.0,15.0,20.0
39,19.0,31.0,22.0,61.0,13.0
40,11.0,13.0,27.0,75.0,20.0
41,29.0,21.0,9.0,15.0,13.0
42,58.0,19.0,9.0,15.0,19.0
43,14.0,14.0,26.0,34.0,32.0
44,28.0,31.0,18.0,20.0,55.0
45,40.0,14.0,21.0,42.0,25.0
46,20.0,17.0,21.0,18.0,22.0
47,19.0,16.0,19.0,19.0,38.0
48,14.0,12.0,17.0,35.0,16.0
49,60.0,12.0,11.0,21.0,14.0
50,14.0,23.0,24.0,33.0,14.0
51,55.0,22.0,14.0,21.0,71.0
52,12.0,31.0,10.0,20.0,26.0
53,10.0,13.0,17.0,26.0,78.0
54,11.0,20.0,29.0,12.0,48.0
55,10.0,20.0,14.0,28.0,45.0
56,15.0,16.0,14.0,42.0,20.0
57,39.0,8.0,25.0,39.0,28.0
58,16.0,18.0,16.0,15.0,17.0
59,12.0,24.0,14.0,17.0,16.0
60,32.0,35.0,24.0,21.0,22.0
61,12.0,27.0,18.0,19.0,56.0
62,15.0,22.0,35.0,30.0,49.0
63,19.0,15.0,27.0,30.0,24.0
64,30.0,14.0,13.0,19.0,22.0
65,25.0,48.0,16.0,11.0,18.0
66,12.0,14.0,19.0,46.0,12.0
67,40.0,12.0,13.0,27.0,22.0
68,9.0,18.0,16.0,32.0,27.0
69,25.0,17.0,13.0,27.0,28.0
70,16.0,36.0,10.0,14.0,30.0
71,15.0,26.0,17.0,22.0,23.0
72,20.0,15.0,15.0,16.0,18.0
73,19.0,18.0,19.0,32.0,16.0
74,11.0,14.0,11.0,18.0,25.0
75,35.0,13.0,15.0,15.0,12.0
76,18.0,35.0,28.0,20.0,43.0
77,68.0,15.0,12.0,22.0,24.0
78,10.0,31.0,16.0,19.0,12.0
79,15.0,28.0,13.0,12.0,44.0
80,21.0,16.0,15.0,17.0,10.0
81,24.0,21.0,18.0,29.0,64.0
82,14.0,12.0,11.0,39.0,16.0
83,34.0,18.0,8.0,14.0,17.0
84,85.0,12.0,12.0,15.0,63.0
85,19.0,19.0,16.0,28.0,19.0
86,21.0,24.0,24.0,36.0,28.0
87,20.0,16.0,16.0,16.0,11.0
88,17.0,19.0,16.0,13.0,38.0
89,13.0,27.0,12.0,22.0,9.0
90,32.0,11.0,20.0,26.0,50.0
91,17.0,31.0,38.0,12.0,14.0
92,12.0,11.0,24.0,19.0,58.0
93,15.0,20.0,18.0,25.0,27.0
94,18.0,25.0,26.0,14.0,11.0
95,19.0,17.0,12.0,11.0,62.0
96,27.0,22.0,36.0,33.0,13.0
97,17.0,43.0,21.0,24.0,12.0
98,13.0,21.0,9.0,23.0,17.0
99,17.0,18.0,28.0,21.0,50.0
100,17.0,12.0,13.0,17.0,69.0
101,29.0,22.0,13.0,16.0,16.0
102,11.0,13.0,28.0,99.0,12.0
103,10.0,11.0,11.0,25.0,17.0
104,32.0,23.0,16.0,18.0,38.0
105,42.0,24.0,15.0,21.0,94.0
106,11.0,23.0,9.0,12.0,38.0
107,13.0,12.0,17.0,35.0,13.0
108,31.0,15.0,20.0,22.0,37.0
109,25.0,15.0,23.0,16.0,35.0
110,25.0,110.0,16.0,25.0,28.0
111,39.0,27.0,14.0,30.0,31.0
112,24.0,22.0,15.0,29.0,17.0
113,14.0,12.0,13.0,10.0,19.0
114,41.0,15.0,9.0,18.0,15.0
115,39.0,27.0,22.0,19.0,45.0
116,47.0,14.0,12.0,24.0,27.0
117,15.0,15.0,42.0,36.0,15.0
118,10.0,13.0,25.0,26.0,26.0
119,22.0,13.0,13.0,13.0,19.0
120,21.0,23.0,12.0,14.0,20.0
121,12.0,15.0,9.0,44.0,22.0
122,21.0,16.0,30.0,41.0,29.0
123,18.0,19.0,22.0,53.0,29.0
124,21.0,13.0,41.0,29.0,25.0
125,13.0,12.0,10.0,15.0,46.0
126,28.0,21.0,25.0,14.0,42.0
127,13.0,19.0,12.0,33.0,15.0
128,27.0,19.0,14.0,16.0,42.0
129,25.0,29.0,15.0,48.0,38.0
130,20.0,15.0,20.0,15.0,16.0
131,20.0,18.0,28.0,31.0,43.0
132,12.0,18.0,16.0,47.0,32.0
133,32.0,40.0,11.0,11.0,27.0
134,12.0,13.0,12.0,36.0,35.0
135,12.0,14.0,15.0,22.0,49.0
136,21.0,23.0,27.0,18.0,18.0
137,20.0,17.0,11.0,17.0,40.0
138,25.0,11.0,18.0,53.0,19.0
139,17.0,30.0,25.0,12.0,27.0
140,17.0,25.0,16.0,14.0,34.0
141,16.0,26.0,13.0,26.0,26.0
142,28.0,22.0,25.0,24.0,18.0
143,15.0,14.0,15.0,35.0,16.0
144,65.0,14.0,21.0,31.0,25.0
145,16.0,11.0,9.0,11.0,28.0
146,16.0,19.0,18.0,19.0,14.0
147,28.0,29.0,14.0,25.0,15.0
148,25.0,13.0,13.0,16.0,25.0
149,21.0,21.0,15.0,27.0,18.0
150,16.0,18.0,19.0,12.0,16.0
151,13.0,18.0,19.0,12.0,43.0
152,23.0,50.0,13.0,12.0,34.0
153,19.0,15.0,17.0,32.0,35.0
154,13.0,23.0,17.0,19.0,27.0
155,14.0,36.0,15.0,29.0,20.0
156,20.0,15.0,12.0,34.0,17.0
157,26.0,12.0,16.0,18.0,24.0
158,13.0,14.0,9.0,22.0,26.0
159,18.0,38.0,11.0,13.0,36.0
160,28.0,13.0,17.0,52.0,28.0
161,50.0,25.0,14.0,30.0,17.0
162,30.0,12.0,21.0,22.0,22.0
163,22.0,26.0,31.0,21.0,59.0
164,18.0,19.0,14.0,14.0,27.0
165,44.0,23.0,20.0,20.0,50.0
166,47.0,11.0,16.0,12.0,37.0
167,20.0,17.0,19.0,15.0,18.0
168,16.0,25.0,18.0,67.0,17.0
169,12.0,17.0,15.0,28.0,15.0
170,26.0,18.0,14.0,28.0,16.0
171,22.0,36.0,15.0,42.0,10.0
172,15.0,25.0,13.0,31.0,11.0
173,17.0,12.0,16.0,18.0,27.0
174,33.0,12.0,15.0,17.0,21.0
175,24.0,15.0,12.0,29.0,56.0
176,19.0,42.0,11.0,30.0,13.0
177,45.0,49.0,44.0,20.0,22.0
178,19.0,14.0,15.0,12.0,22.0
179,44.0,24.0,27.0,41.0,22.0
180,16.0,15.0,43.0,19.0,11.0
181,20.0,13.0,20.0,18.0,38.0
182,13.0,14.0,30.0,22.0,20.0
183,17.0,12.0,12.0,15.0,26.0
184,18.0,21.0,10.0,10.0,18.0
185,19.0,58.0,25.0,20.0,18.0
186,32.0,25.0,21.0,33.0,58.0
187,16.0,71.0,25.0,17.0,16.0
188,17.0,20.0,18.0,16.0,14.0
189,11.0,17.0,9.0,52.0,12.0
190,18.0,43.0,9.0,13.0,15.0
191,22.0,24.0,14.0,57.0,15.0
192,17.0,29.0,10.0,31.0,30.0
193,11.0,30.0,27.0,15.0,56.0
194,15.0,20.0,24.0,15.0,22.0
195,22.0,18.0,19.0,16.0,21.0
196,30.0,22.0,16.0,12.0,36.0
197,10.0,18.0,21.0,17.0,33.0
198,13.0,42.0,16.0,18.0,14.0
199,44.0,13.0,12.0,31.0,12.0
200,21.0,30.0,23.0,27.0,16.0
201,13.0,16.0,18.0,13.0,12.0
202,11.0,14.0,13.0,33.0,15.0
203,21.0,33.0,20.0,64.0,32.0
204,35.0,35.0,26.0,34.0,11.0
205,27.0,47.0,30.0,19.0,16.0
206,21.0,63.0,26.0,33.0,24.0
207,14.0,14.0,15.0,14.0,34.0
208,24.0,10.0,14.0,29.0,10.0
209,10.0,21.0,10.0,24.0,46.0
210,29.0,22.0,30.0,48.0,34.0
211,17.0,12.0,12.0,24.0,37.0
212,22.0,31.0,19.0,18.0,26.0
213,10.0,23.0,10.0,41.0,20.0
214,14.0,24.0,15.0,17.0,11.0
215,15.0,18.0,23.0,28.0,44.0
216,17.0,51.0,10.0,16.0,67.0
217,36.0,48.0,63.0,16.0,30.0
218,25.0,19.0,25.0,23.0,81.0
219,25.0,14.0,35.0,22.0,26.0
220,23.0,31.0,20.0,72.0,39.0
221,16.0,21.0,14.0,17.0,21.0
222,12.0,38.0,26.0,21.0,28.0
223,19.0,19.0,21.0,23.0,36.0
224,14.0,40.0,23.0,14.0,83.0
225,25.0,17.0,23.0,17.0,9.0
226,12.0,21.0,32.0,30.0,24.0
227,50.0,19.0,13.0,15.0,28.0
228,59.0,34.0,28.0,14.0,41.0
229,37.0,25.0,14.0,34.0,15.0
230,66.0,31.0,15.0,85.0,24.0
231,29.0,14.0,18.0,20.0,25.0
232,17.0,31.0,16.0,31.0,27.0
233,24.0,24.0,47.0,14.0,42.0
234,55.0,63.0,19.0,113.0,79.0
235,15.0,21.0,23.0,17.0,17.0
236,15.0,15.0,12.0,20.0,26.0
237,24.0,22.0,23.0,23.0,81.0
238,24.0,22.0,72.0,14.0,44.0
239,40.0,22.0,15.0,35.0,23.0
240,20.0,32.0,11.0,22.0,19.0
241,11.0,15.0,9.0,13.0,18.0
242,16.0,14.0,13.0,35.0,28.0
243,23.0,20.0,24.0,14.0,14.0
244,21.0,56.0,27.0,37.0,39.0
245,18.0,36.0,14.0,11.0,19.0
246,21.0,23.0,24.0,30.0,25.0
247,28.0,36.0,28.0,25.0,25.0
248,32.0,15.0,17.0,20.0,51.0
249,11.0,11.0,60.0,31.0,22.0
250,44.0,21.0,12.0,23.0,29.0
251,18.0,29.0,22.0,33.0,51.0
252,16.0,62.0,63.0,40.0,25.0
253,19.0,16.0,15.0,18.0,39.0
254,13.0,45.0,27.0,26.0,15.0
255,22.0,29.0,18.0,13.0,12.0
256,30.0,14.0,14.0,27.0,13.0
257,43.0,16.0,16.0,37.0,36.0
258,44.0,14.0,25.0,17.0,16.0
259,10.0,17.0,32.0,46.0,47.0
260,17.0,25.0,20.0,50.0,12.0
261,45.0,27.0,29.0,16.0,24.0
262,13.0,11.0,10.0,48.0,19.0
263,13.0,38.0,25.0,24.0,18.0
264,10.0,11.0,13.0,25.0,79.0
265,16.0,38.0,25.0,13.0,15.0
266,27.0,16.0,32.0,21.0,21.0
267,13.0,20.0,19.0,19.0,12.0
268,13.0,10.0,25.0,56.0,38.0
269,30.0,16.0,12.0,18.0,12.0
270,42.0,15.0,15.0,38.0,35.0
271,76.0,30.0,42.0,27.0,75.0
272,34.0,29.0,10.0,21.0,27.0
273,21.0,31.0,19.0,25.0,61.0
274,18.0,12.0,17.0,10.0,49.0
275,30.0,21.0,14.0,86.0,31.0
276,102.0,13.0,11.0,14.0,44.0
277,19.0,17.0,11.0,37.0,33.0
278,23.0,34.0,24.0,46.0,20.0
279,16.0,29.0,29.0,22.0,42.0
280,18.0,30.0,33.0,16.0,36.0
281,14.0,31.0,31.0,43.0,45.0
282,14.0,59.0,16.0,18.0,41.0
283,14.0,87.0,26.0,28.0,72.0
284,22.0,54.0,17.0,27.0,14.0
285,15.0,11.0,31.0,51.0,54.0
286,107.0,33.0,21.0,37.0,42.0
287,18.0,34.0,24.0,20.0,20.0
288,58.0,21.0,13.0,29.0,53.0
289,17.0,19.0,19.0,21.0,17.0
290,17.0,35.0,10.0,26.0,21.0
291,26.0,47.0,24.0,22.0,14.0
292,13.0,9.0,10.0,23.0,25.0
293,62.0,23.0,18.0,19.0,44.0
294,47.0,20.0,25.0,31.0,34.0
295,18.0,18.0,30.0,22.0,16.0
296,34.0,12.0,13.0,26.0,19.0
297,43.0,24.0,15.0,15.0,15.0
298,13.0,17.0,33.0,58.0,32.0
299,14.0,24.0,17.0,52.0,16.0
300,14.0,17.0,22.0,31.0,49.0
301,19.0,42.0,22.0,44.0,72.0
302,32.0,37.0,10.0,11.0,15.0
303,28.0,32.0,19.0,25.0,27.0
304,24.0,15.0,30.0,16.0,29.0
305,43.0,20.0,40.0,10.0,35.0
306,25.0,14.0,16.0,58.0,44.0
307,22.0,25.0,18.0,36.0,84.0
308,29.0,20.0,18.0,27.0,112.0
309,19.0,30.0,22.0,42.0,27.0
310,36.0,21.0,17.0,26.0,57.0
311,21.0,55.0,18.0,92.0,39.0
312,27.0,24.0,23.0,22.0,55.0
313,35.0,27.0,28.0,40.0,34.0
314,14.0,27.0,16.0,19.0,57.0
315,28.0,48.0,15.0,15.0,50.0
316,20.0,37.0,12.0,16.0,24.0
317,25.0,27.0,38.0,38.0,38.0
318,14.0,32.0,19.0,28.0,67.0
319,14.0,46.0,44.0,18.0,26.0
320,15.0,23.0,13.0,26.0,12.0
321,33.0,15.0,30.0,38.0,31.0
322,51.0,31.0,31.0,17.0,16.0
323,11.0,14.0,17.0,14.0,47.0
324,37.0,12.0,18.0,19.0,32.0
325,23.0,17.0,14.0,31.0,38.0
326,58.0,14.0,27.0,17.0,24.0
327,46.0,10.0,26.0,30.0,54.0
328,18.0,58.0,37.0,26.0,21.0
329,24.0,13.0,21.0,21.0,27.0
330,23.0,23.0,10.0,36.0,51.0
331,30.0,39.0,10.0,87.0,52.0
332,12.0,24.0,28.0,16.0,40.0
333,48.0,17.0,28.0,27.0,79.0
334,38.0,49.0,11.0,25.0,22.0
335,16.0,17.0,21.0,17.0,23.0
336,34.0,17.0,10.0,46.0,38.0
337,30.0,60.0,17.0,25.0,15.0
338,16.0,52.0,16.0,28.0,71.0
339,67.0,23.0,17.0,30.0,20.0
340,11.0,22.0,42.0,24.0,67.0
341,10.0,39.0,20.0,14.0,68.0
342,33.0,27.0,19.0,10.0,57.0
343,74.0,17.0,39.0,38.0,41.0
344,20.0,28.0,67.0,14.0,28.0
345,47.0,41.0,17.0,22.0,16.0
346,26.0,16.0,22.0,20.0,12.0
347,33.0,31.0,25.0,75.0,26.0
348,29.0,45.0,24.0,13.0,53.0
349,36.0,33.0,17.0,25.0,15.0
350,27.0,30.0,52.0,32.0,32.0
351,17.0,20.0,15.0,49.0,47.0
352,33.0,33.0,16.0,16.0,130.0
353,18.0,33.0,52.0,13.0,25.0
354,26.0,41.0,19.0,63.0,19.0
355,16.0,20.0,16.0,32.0,41.0
356,35.0,22.0,12.0,39.0,33.0
357,23.0,41.0,19.0,13.0,61.0
358,42.0,46.0,43.0,34.0,37.0
359,28.0,11.0,20.0,37.0,60.0
360,10.0,16.0,32.0,23.0,45.0
361,22.0,65.0,12.0,29.0,29.0
362,48.0,19.0,10.0,28.0,19.0
363,50.0,24.0,20.0,35.0,23.0
364,100.0,51.0,38.0,111.0,13.0
365,22.0,16.0,34.0,56.0,21.0
366,29.0,22.0,14.0,34.0,25.0
367,36.0,15.0,34.0,24.0,83.0
368,52.0,17.0,22.0,16.0,18.0
369,48.0,22.0,18.0,30.0,26.0
370,19.0,43.0,13.0,50.0,33.0
371,16.0,13.0,10.0,49.0,42.0
372,40.0,21.0,31.0,69.0,39.0
373,66.0,13.0,26.0,44.0,17.0
374,13.0,42.0,8.0,18.0,16.0
375,20.0,52.0,23.0,37.0,32.0
376,29.0,63.0,8.0,29.0,14.0
377,59.0,26.0,31.0,44.0,40.0
378,15.0,19.0,24.0,20.0,29.0
379,16.0,62.0,25.0,15.0,15.0
380,28.0,21.0,30.0,76.0,22.0
381,44.0,24.0,17.0,26.0,50.0
382,10.0,29.0,15.0,28.0,54.0
383,43.0,44.0,43.0,25.0,40.0
384,18.0,18.0,43.0,26.0,57.0
385,34.0,21.0,26.0,16.0,25.0
386,39.0,17.0,26.0,11.0,57.0
387,13.0,22.0,10.0,14.0,33.0
388,19.0,56.0,26.0,12.0,65.0
389,11.0,15.0,24.0,27.0,23.0
390,31.0,14.0,25.0,57.0,29.0
391,77.0,18.0,13.0,46.0,35.0
392,52.0,16.0,36.0,16.0,25.0
393,52.0,23.0,60.0,17.0,19.0
394,29.0,42.0,30.0,22.0,30.0
395,10.0,43.0,56.0,32.0,25.0
396,35.0,40.0,27.0,36.0,10.0
397,20.0,21.0,14.0,30.0,102.0
398,19.0,10.0,19.0,27.0,42.0
399,35.0,76.0,25.0,52.0,103.0
400,14.0,42.0,20.0,25.0,69.0
401,61.0,27.0,41.0,80.0,15.0
402,22.0,36.0,22.0,32.0,14.0
403,44.0,54.0,20.0,19.0,74.0
404,19.0,23.0,19.0,16.0,110.0
405,17.0,17.0,36.0,35.0,22.0
406,56.0,27.0,29.0,57.0,21.0
407,23.0,18.0,13.0,14.0,84.0
408,13.0,17.0,20.0,23.0,30.0
409,44.0,18.0,28.0,27.0,41.0
410,83.0,100.0,13.0,16.0,25.0
411,15.0,13.0,13.0,23.0,39.0
412,15.0,32.0,37.0,40.0,21.0
413,83.0,34.0,57.0,12.0,66.0
414,21.0,13.0,17.0,20.0,22.0
415,18.0,37.0,9.0,93.0,29.0
416,104.0,25.0,35.0,14.0,66.0
417,53.0,16.0,34.0,25.0,23.0
418,23.0,20.0,37.0,16.0,90.0
419,32.0,34.0,38.0,35.0,56.0
420,29.0,19.0,17.0,30.0,110.0
421,61.0,32.0,11.0,38.0,80.0
422,27.0,52.0,20.0,34.0,48.0
423,14.0,27.0,19.0,9.0,44.0
424,20.0,41.0,20.0,25.0,29.0
425,14.0,13.0,17.0,24.0,11.0
426,15.0,33.0,18.0,44.0,74.0
427,16.0,12.0,13.0,47.0,30.0
428,25.0,68.0,79.0,28.0,38.0
429,19.0,19.0,12.0,20.0,45.0
430,25.0,22.0,18.0,15.0,25.0
431,43.0,29.0,14.0,154.0,42.0
432,36.0,29.0,31.0,27.0,52.0
433,32.0,14.0,14.0,24.0,17.0
434,35.0,33.0,19.0,37.0,61.0
435,20.0,49.0,22.0,76.0,88.0
436,19.0,19.0,25.0,20.0,23.0
437,43.0,19.0,15.0,56.0,35.0
438,16.0,47.0,15.0,20.0,126.0
439,30.0,22.0,25.0,27.0,26.0
440,20.0,17.0,54.0,35.0,41.0
441,56.0,26.0,34.0,46.0,14.0
442,12.0,11.0,32.0,57.0,48.0
443,29.0,30.0,11.0,22.0,170.0
444,37.0,23.0,45.0,27.0,36.0
445,28.0,23.0,27.0,24.0,70.0
446,45.0,72.0,14.0,45.0,42.0
447,34.0,22.0,15.0,57.0,49.0
448,37.0,14.0,38.0,28.0,19.0
449,29.0,16.0,35.0,33.0,54.0
450,16.0,12.0,12.0,38.0,78.0
451,20.0,29.0,11.0,43.0,63.0
452,34.0,16.0,22.0,46.0,48.0
453,59.0,25.0,41.0,40.0,14.0
454,28.0,20.0,26.0,49.0,58.0
455,29.0,19.0,15.0,14.0,17.0
456,12.0,16.0,35.0,20.0,76.0
457,22.0,23.0,13.0,29.0,22.0
458,38.0,30.0,17.0,17.0,50.0
459,40.0,22.0,18.0,43.0,26.0
460,13.0,30.0,36.0,17.0,18.0
461,34.0,42.0,36.0,67.0,71.0
462,18.0,43.0,28.0,18.0,41.0
463,24.0,30.0,44.0,47.0,57.0
464,29.0,19.0,21.0,28.0,20.0
465,15.0,19.0,47.0,60.0,23.0
466,65.0,20.0,60.0,10.0,32.0
467,41.0,23.0,52.0,17.0,19.0
468,25.0,38.0,49.0,48.0,36.0
469,13.0,27.0,47.0,14.0,24.0
470,20.0,20.0,32.0,17.0,53.0
471,36.0,16.0,33.0,20.0,33.0
472,12.0,16.0,47.0,16.0,20.0
473,49.0,38.0,31.0,38.0,36.0
474,44.0,25.0,31.0,46.0,114.0
475,61.0,35.0,15.0,26.0,38.0
476,48.0,18.0,20.0,27.0,24.0
477,24.0,29.0,13.0,51.0,41.0
478,27.0,29.0,21.0,18.0,49.0
479,17.0,49.0,34.0,27.0,17.0
480,42.0,34.0,20.0,15.0,31.0
481,46.0,22.0,19.0,82.0,51.0
482,32.0,46.0,21.0,70.0,27.0
483,41.0,32.0,17.0,51.0,52.0
484,16.0,17.0,22.0,91.0,12.0
485,38.0,24.0,56.0,16.0,40.0
486,28.0,25.0,16.0,48.0,29.0
487,23.0,42.0,30.0,59.0,41.0
488,20.0,50.0,23.0,17.0,36.0
489,20.0,68.0,31.0,21.0,51.0
490,30.0,61.0,42.0,18.0,72.0
491,37.0,25.0,46.0,27.0,38.0
492,43.0,29.0,22.0,16.0,63.0
493,36.0,38.0,20.0,33.0,23.0
494,49.0,17.0,16.0,25.0,51.0
495,19.0,47.0,19.0,17.0,87.0
496,32.0,46.0,13.0,16.0,95.0
497,46.0,76.0,15.0,67.0,75.0
498,52.0,16.0,21.0,60.0,53.0
499,16.0,18.0,20.0,49.0,27.0
500,15.0,25.0,15.0,27.0,113.0
501,30.0,18.0,26.0,16.0,61.0
502,14.0,15.0,14.0,41.0,38.0
503,49.0,56.0,36.0,15.0,27.0
504,20.0,21.0,16.0,19.0,44.0
505,47.0,20.0,30.0,28.0,25.0
506,108.0,16.0,44.0,75.0,40.0
507,22.0,58.0,23.0,43.0,42.0
508,64.0,16.0,34.0,16.0,20.0
509,12.0,40.0,58.0,25.0,78.0
510,38.0,19.0,28.0,44.0,37.0
511,27.0,36.0,29.0,30.0,50.0
512,30.0,13.0,96.0,17.0,25.0
513,38.0,46.0,22.0,20.0,20.0
514,14.0,48.0,39.0,22.0,60.0
515,15.0,32.0,15.0,19.0,33.0
516,22.0,40.0,63.0,23.0,23.0
517,36.0,20.0,18.0,20.0,21.0
518,25.0,86.0,22.0,29.0,44.0
519,22.0,19.0,14.0,22.0,60.0
520,37.0,33.0,20.0,29.0,25.0
521,15.0,23.0,23.0,21.0,27.0
522,15.0,41.0,21.0,22.0,14.0
523,25.0,66.0,33.0,34.0,75.0
524,13.0,39.0,20.0,14.0,78.0
525,32.0,48.0,23.0,16.0,25.0
526,42.0,68.0,40.0,14.0,33.0
527,54.0,23.0,14.0,75.0,58.0
528,44.0,20.0,17.0,101.0,27.0
529,31.0,28.0,21.0,54.0,106.0
530,61.0,21.0,66.0,15.0,36.0
531,23.0,72.0,22.0,30.0,14.0
532,15.0,58.0,36.0,16.0,57.0
533,26.0,14.0,26.0,86.0,30.0
534,32.0,44.0,40.0,16.0,49.0
535,25.0,54.0,38.0,18.0,14.0
536,58.0,16.0,14.0,29.0,11.0
537,59.0,38.0,15.0,26.0,33.0
538,25.0,16.0,39.0,15.0,36.0
539,20.0,25.0,37.0,32.0,23.0
540,76.0,21.0,24.0,23.0,29.0
541,36.0,21.0,66.0,18.0,17.0
542,17.0,47.0,18.0,47.0,29.0
543,27.0,46.0,26.0,32.0,85.0
544,34.0,46.0,20.0,53.0,27.0
545,24.0,15.0,33.0,25.0,39.0
546,31.0,26.0,15.0,21.0,41.0
547,39.0,20.0,48.0,44.0,25.0
548,43.0,24.0,17.0,73.0,20.0
549,24.0,28.0,35.0,27.0,35.0
550,71.0,23.0,46.0,98.0,18.0
551,25.0,39.0,22.0,46.0,33.0
552,50.0,88.0,17.0,33.0,24.0
553,37.0,26.0,17.0,16.0,54.0
554,27.0,38.0,37.0,13.0,61.0
555,16.0,28.0,20.0,22.0,115.0
556,64.0,20.0,26.0,17.0,26.0
557,38.0,22.0,29.0,9.0,92.0
558,34.0,24.0,24.0,36.0,34.0
559,24.0,68.0,22.0,12.0,50.0
560,104.0,36.0,20.0,9.0,38.0
561,24.0,46.0,23.0,42.0,55.0
562,20.0,40.0,15.0,9.0,53.0
563,19.0,73.0,21.0,38.0,49.0
564,15.0,24.0,16.0,99.0,29.0
565,17.0,26.0,23.0,28.0,30.0
566,32.0,50.0,32.0,21.0,21.0
567,27.0,21.0,18.0,28.0,35.0
568,48.0,24.0,24.0,33.0,71.0
569,99.0,28.0,24.0,17.0,52.0
570,19.0,26.0,27.0,20.0,27.0
571,14.0,14.0,30.0,20.0,34.0
572,23.0,18.0,20.0,24.0,59.0
573,68.0,21.0,33.0,21.0,25.0
574,16.0,22.0,44.0,35.0,81.0
575,90.0,19.0,14.0,72.0,36.0
576,23.0,21.0,26.0,16.0,38.0
577,57.0,35.0,14.0,14.0,26.0
578,22.0,46.0,70.0,27.0,70.0
579,44.0,64.0,42.0,22.0,100.0
580,12.0,26.0,35.0,60.0,33.0
581,48.0,27.0,27.0,32.0,36.0
582,13.0,25.0,17.0,59.0,54.0
583,45.0,37.0,27.0,84.0,28.0
584,39.0,18.0,16.0,64.0,41.0
585,26.0,17.0,41.0,25.0,62.0
586,74.0,37.0,18.0,41.0,31.0
587,54.0,34.0,22.0,25.0,18.0
588,23.0,68.0,24.0,84.0,62.0
589,59.0,19.0,28.0,23.0,24.0
590,80.0,80.0,11.0,22.0,45.0
591,55.0,16.0,67.0,15.0,16.0
592,21.0,47.0,18.0,26.0,47.0
593,26.0,47.0,32.0,27.0,76.0
594,37.0,21.0,42.0,34.0,55.0
595,21.0,40.0,44.0,23.0,65.0
596,24.0,18.0,12.0,17.0,23.0
597,71.0,29.0,18.0,76.0,60.0
598,21.0,37.0,32.0,39.0,29.0
599,38.0,81.0,26.0,75.0,130.0
600,74.0,27.0,32.0,22.0,35.0
601,35.0,21.0,24.0,22.0,22.0
602,25.0,29.0,21.0,29.0,48.0
603,41.0,36.0,20.0,24.0,36.0
604,25.0,20.0,22.0,36.0,25.0
605,15.0,46.0,14.0,36.0,43.0
606,14.0,19.0,14.0,41.0,44.0
607,39.0,87.0,11.0,24.0,34.0
608,16.0,95.0,46.0,57.0,38.0
609,39.0,119.0,21.0,57.0,62.0
610,22.0,28.0,46.0,16.0,22.0
611,23.0,13.0,24.0,20.0,37.0
612,57.0,27.0,19.0,14.0,25.0
613,25.0,17.0,17.0,32.0,26.0
614,25.0,19.0,25.0,110.0,30.0
615,23.0,80.0,11.0,20.0,72.0
616,39.0,21.0,34.0,18.0,23.0
617,56.0,38.0,41.0,59.0,44.0
618,38.0,84.0,31.0,89.0,116.0
619,17.0,141.0,30.0,140.0,39.0
620,35.0,28.0,106.0,34.0,100.0
621,44.0,69.0,137.0,12.0,18.0
622,42.0,48.0,18.0,38.0,117.0
623,19.0,56.0,27.0,24.0,18.0
624,29.0,138.0,34.0,27.0,60.0
625,51.0,126.0,17.0,27.0,58.0
626,33.0,27.0,18.0,20.0,51.0
627,57.0,45.0,97.0,34.0,57.0
628,16.0,23.0,39.0,38.0,35.0
629,42.0,50.0,38.0,15.0,11.0
630,22.0,47.0,12.0,41.0,16.0
631,54.0,42.0,26.0,14.0,31.0
632,24.0,51.0,29.0,39.0,28.0
633,30.0,23.0,49.0,14.0,43.0
634,14.0,56.0,20.0,116.0,58.0
635,35.0,38.0,23.0,27.0,42.0
636,75.0,14.0,45.0,38.0,122.0
637,19.0,36.0,37.0,102.0,50.0
638,42.0,34.0,19.0,28.0,47.0
639,21.0,20.0,20.0,20.0,44.0
640,15.0,26.0,33.0,24.0,103.0
641,35.0,56.0,12.0,65.0,29.0
642,21.0,17.0,27.0,26.0,100.0
643,15.0,57.0,24.0,32.0,47.0
644,49.0,73.0,64.0,31.0,113.0
645,52.0,11.0,19.0,18.0,127.0
646,18.0,24.0,31.0,16.0,28.0
647,13.0,72.0,52.0,26.0,25.0
648,37.0,118.0,40.0,38.0,40.0
649,28.0,58.0,19.0,17.0,44.0
650,60.0,62.0,118.0,93.0,44.0
651,19.0,41.0,21.0,14.0,48.0
652,33.0,27.0,41.0,67.0,32.0
653,44.0,20.0,39.0,24.0,21.0
654,27.0,14.0,48.0,17.0,25.0
655,32.0,20.0,49.0,37.0,20.0
656,48.0,37.0,24.0,23.0,51.0
657,33.0,53.0,40.0,21.0,24.0
658,27.0,28.0,28.0,30.0,24.0
659,16.0,27.0,32.0,15.0,80.0
660,17.0,35.0,16.0,44.0,27.0
661,85.0,28.0,53.0,18.0,108.0
662,13.0,31.0,22.0,71.0,39.0
663,24.0,19.0,15.0,30.0,55.0
664,15.0,59.0,16.0,44.0,36.0
665,32.0,15.0,43.0,28.0,37.0
666,49.0,20.0,18.0,28.0,41.0
667,22.0,16.0,42.0,47.0,32.0
668,13.0,64.0,48.0,13.0,14.0
669,20.0,63.0,46.0,20.0,15.0
670,33.0,56.0,29.0,30.0,34.0
671,12.0,28.0,30.0,32.0,21.0
672,34.0,21.0,69.0,28.0,48.0
673,69.0,67.0,65.0,23.0,25.0
674,21.0,34.0,21.0,31.0,43.0
675,32.0,13.0,34.0,54.0,88.0
676,30.0,86.0,75.0,51.0,54.0
677,30.0,53.0,41.0,16.0,57.0
678,25.0,43.0,76.0,33.0,68.0
679,35.0,53.0,40.0,19.0,23.0
680,40.0,42.0,23.0,53.0,66.0
681,15.0,68.0,42.0,70.0,28.0
682,35.0,21.0,17.0,26.0,70.0
683,25.0,18.0,46.0,20.0,55.0
684,41.0,16.0,20.0,53.0,16.0
685,21.0,18.0,24.0,75.0,54.0
686,69.0,22.0,35.0,87.0,75.0
687,35.0,29.0,87.0,33.0,30.0
688,67.0,39.0,54.0,43.0,31.0
689,51.0,25.0,19.0,28.0,83.0
690,18.0,57.0,50.0,40.0,80.0
691,25.0,87.0,16.0,33.0,46.0
692,27.0,40.0,44.0,26.0,17.0
693,37.0,80.0,15.0,11.0,47.0
694,45.0,46.0,14.0,23.0,41.0
695,38.0,46.0,24.0,30.0,43.0
696,15.0,29.0,45.0,14.0,38.0
697,36.0,16.0,43.0,49.0,38.0
698,89.0,20.0,31.0,36.0,77.0
699,10.0,23.0,35.0,39.0,19.0
700,40.0,45.0,29.0,42.0,78.0
701,43.0,36.0,33.0,49.0,18.0
702,15.0,31.0,48.0,26.0,67.0
703,62.0,34.0,27.0,64.0,57.0
704,39.0,77.0,16.0,17.0,35.0
705,14.0,52.0,20.0,31.0,39.0
706,63.0,28.0,36.0,19.0,21.0
707,64.0,26.0,15.0,24.0,46.0
708,22.0,31.0,29.0,67.0,46.0
709,19.0,56.0,67.0,40.0,41.0
710,17.0,31.0,37.0,24.0,48.0
711,37.0,19.0,15.0,14.0,67.0
712,26.0,14.0,34.0,38.0,14.0
713,26.0,60.0,67.0,52.0,34.0
714,34.0,66.0,23.0,19.0,18.0
715,60.0,30.0,17.0,110.0,27.0
716,25.0,38.0,34.0,95.0,29.0
717,20.0,116.0,20.0,31.0,70.0
718,16.0,25.0,35.0,24.0,33.0
719,45.0,76.0,30.0,59.0,15.0
720,85.0,44.0,42.0,45.0,128.0
721,22.0,32.0,76.0,13.0,40.0
722,26.0,12.0,28.0,18.0,36.0
723,20.0,58.0,42.0,24.0,31.0
724,22.0,40.0,16.0,92.0,29.0
725,30.0,28.0,36.0,31.0,46.0
726,55.0,39.0,17.0,42.0,80.0
727,28.0,53.0,19.0,24.0,37.0
728,20.0,33.0,28.0,22.0,33.0
729,33.0,32.0,28.0,42.0,52.0
730,43.0,123.0,34.0,28.0,126.0
731,24.0,48.0,37.0,73.0,15.0
732,24.0,73.0,9.0,12.0,62.0
733,35.0,57.0,27.0,54.0,78.0
734,36.0,88.0,12.0,49.0,81.0
735,64.0,14.0,45.0,30.0,34.0
736,97.0,30.0,16.0,30.0,71.0
737,24.0,19.0,60.0,51.0,25.0
738,15.0,16.0,42.0,77.0,51.0
739,29.0,53.0,53.0,61.0,58.0
740,39.0,46.0,63.0,61.0,38.0
741,44.0,89.0,38.0,42.0,53.0
742,27.0,33.0,50.0,44.0,175.0
743,16.0,61.0,25.0,118.0,25.0
744,27.0,34.0,34.0,25.0,19.0
745,83.0,46.0,27.0,21.0,90.0
746,64.0,72.0,58.0,127.0,17.0
747,37.0,14.0,19.0,18.0,18.0
748,50.0,115.0,30.0,14.0,47.0
749,25.0,54.0,41.0,27.0,13.0
750,46.0,50.0,25.0,72.0,122.0
751,97.0,62.0,52.0,16.0,27.0
752,70.0,115.0,24.0,58.0,40.0
753,49.0,103.0,70.0,28.0,32.0
754,69.0,32.0,28.0,32.0,76.0
755,40.0,91.0,33.0,19.0,48.0
756,60.0,54.0,32.0,17.0,51.0
757,72.0,23.0,77.0,73.0,25.0
758,21.0,31.0,31.0,54.0,52.0
759,56.0,48.0,122.0,33.0,57.0
760,32.0,43.0,12.0,13.0,36.0
761,13.0,20.0,17.0,39.0,41.0
762,27.0,31.0,60.0,17.0,50.0
763,60.0,18.0,85.0,28.0,12.0
764,55.0,22.0,50.0,15.0,97.0
765,57.0,26.0,18.0,53.0,22.0
766,22.0,15.0,30.0,56.0,36.0
767,39.0,21.0,66.0,61.0,99.0
768,24.0,31.0,24.0,73.0,45.0
769,28.0,21.0,61.0,13.0,24.0
770,30.0,22.0,27.0,60.0,46.0
771,23.0,47.0,20.0,16.0,32.0
772,30.0,51.0,17.0,89.0,115.0
773,30.0,45.0,58.0,88.0,27.0
774,32.0,41.0,36.0,24.0,61.0
775,87.0,42.0,45.0,41.0,47.0
776,25.0,20.0,70.0,61.0,33.0
777,32.0,13.0,25.0,55.0,76.0
778,25.0,37.0,58.0,57.0,48.0
779,35.0,30.0,42.0,112.0,81.0
780,17.0,49.0,30.0,75.0,55.0
781,21.0,51.0,41.0,42.0,115.0
782,31.0,39.0,77.0,72.0,154.0
783,56.0,72.0,74.0,27.0,68.0
784,51.0,18.0,46.0,105.0,45.0
785,26.0,60.0,44.0,41.0,61.0
786,102.0,24.0,23.0,38.0,115.0
787,22.0,122.0,13.0,83.0,40.0
788,48.0,47.0,16.0,20.0,95.0
789,94.0,25.0,43.0,54.0,42.0
790,81.0,31.0,27.0,104.0,40.0
791,23.0,33.0,53.0,19.0,44.0
792,40.0,68.0,29.0,20.0,26.0
793,92.0,21.0,39.0,40.0,64.0
794,16.0,15.0,39.0,46.0,21.0
795,54.0,45.0,26.0,13.0,75.0
796,60.0,56.0,46.0,27.0,51.0
797,111.0,38.0,20.0,23.0,94.0
798,36.0,24.0,16.0,30.0,76.0
799,34.0,44.0,58.0,68.0,64.0
800,21.0,11.0,30.0,17.0,74.0
801,33.0,65.0,15.0,22.0,40.0
802,31.0,43.0,34.0,63.0,40.0
803,19.0,24.0,60.0,22.0,53.0
804,12.0,58.0,67.0,23.0,54.0
805,70.0,79.0,65.0,23.0,16.0
806,31.0,65.0,82.0,65.0,101.0
807,56.0,139.0,49.0,72.0,27.0
808,27.0,15.0,56.0,36.0,57.0
809,45.0,26.0,36.0,41.0,90.0
810,25.0,33.0,58.0,38.0,39.0
811,19.0,122.0,40.0,42.0,43.0
812,41.0,137.0,20.0,27.0,30.0
813,33.0,78.0,78.0,26.0,75.0
814,20.0,103.0,38.0,16.0,62.0
815,23.0,45.0,35.0,154.0,16.0
816,32.0,42.0,63.0,92.0,39.0
817,51.0,95.0,19.0,22.0,106.0
818,57.0,47.0,26.0,24.0,18.0
819,24.0,61.0,29.0,71.0,58.0
820,24.0,77.0,37.0,18.0,72.0
821,69.0,26.0,26.0,122.0,111.0
822,47.0,37.0,50.0,22.0,30.0
823,76.0,121.0,35.0,48.0,74.0
824,25.0,77.0,18.0,22.0,57.0
825,25.0,21.0,75.0,13.0,58.0
826,31.0,53.0,56.0,48.0,76.0
827,44.0,42.0,28.0,40.0,46.0
828,30.0,70.0,63.0,29.0,22.0
829,41.0,35.0,22.0,16.0,27.0
830,56.0,61.0,19.0,120.0,56.0
831,35.0,96.0,28.0,23.0,104.0
832,40.0,51.0,37.0,43.0,28.0
833,77.0,42.0,29.0,33.0,42.0
834,42.0,38.0,18.0,31.0,54.0
835,31.0,31.0,72.0,37.0,26.0
836,33.0,37.0,78.0,18.0,45.0
837,32.0,47.0,47.0,31.0,38.0
838,66.0,40.0,41.0,23.0,100.0
839,39.0,28.0,37.0,32.0,64.0
840,18.0,38.0,55.0,21.0,34.0
841,35.0,84.0,24.0,37.0,118.0
842,28.0,74.0,15.0,34.0,63.0
843,40.0,86.0,28.0,24.0,77.0
844,36.0,17.0,62.0,60.0,19.0
845,25.0,74.0,74.0,33.0,93.0
846,102.0,21.0,92.0,24.0,20.0
847,25.0,44.0,16.0,58.0,144.0
848,105.0,24.0,19.0,121.0,15.0
849,40.0,70.0,13.0,25.0,118.0
850,17.0,84.0,23.0,19.0,103.0
851,42.0,23.0,40.0,21.0,46.0
852,50.0,46.0,27.0,29.0,95.0
853,42.0,71.0,79.0,29.0,49.0
854,17.0,150.0,81.0,40.0,43.0
855,19.0,28.0,26.0,23.0,65.0
856,95.0,56.0,84.0,32.0,77.0
857,18.0,21.0,16.0,53.0,72.0
858,99.0,52.0,49.0,46.0,51.0
859,15.0,40.0,64.0,117.0,42.0
860,153.0,31.0,48.0,21.0,50.0
861,55.0,61.0,69.0,51.0,67.0
862,22.0,76.0,51.0,41.0,75.0
863,39.0,23.0,24.0,13.0,33.0
864,15.0,63.0,61.0,48.0,41.0
865,25.0,29.0,39.0,15.0,171.0
866,54.0,74.0,14.0,20.0,42.0
867,59.0,103.0,84.0,55.0,58.0
868,37.0,25.0,23.0,176.0,35.0
869,39.0,30.0,42.0,41.0,113.0
870,198.0,43.0,17.0,49.0,79.0
871,51.0,46.0,47.0,25.0,36.0
872,27.0,30.0,17.0,33.0,70.0
873,38.0,26.0,17.0,66.0,47.0
874,16.0,53.0,31.0,50.0,26.0
875,40.0,34.0,107.0,49.0,92.0
876,48.0,92.0,26.0,14.0,56.0
877,19.0,52.0,36.0,14.0,126.0
878,21.0,41.0,37.0,81.0,106.0
879,24.0,51.0,29.0,29.0,139.0
880,36.0,110.0,17.0,90.0,60.0
881,55.0,29.0,57.0,20.0,57.0
882,38.0,22.0,35.0,38.0,79.0
883,38.0,111.0,39.0,78.0,40.0
884,90.0,29.0,13.0,31.0,35.0
885,54.0,76.0,25.0,30.0,94.0
886,97.0,79.0,55.0,35.0,158.0
887,39.0,16.0,73.0,45.0,98.0
888,125.0,47.0,39.0,52.0,112.0
889,27.0,92.0,47.0,37.0,29.0
890,29.0,107.0,21.0,92.0,132.0
891,31.0,53.0,19.0,65.0,17.0
892,36.0,36.0,36.0,29.0,75.0
893,68.0,34.0,122.0,30.0,104.0
894,108.0,92.0,63.0,37.0,76.0
895,104.0,59.0,65.0,45.0,45.0
896,32.0,66.0,25.0,27.0,175.0
897,52.0,61.0,86.0,46.0,50.0
898,48.0,82.0,60.0,48.0,20.0
899,92.0,71.0,23.0,28.0,63.0
900,73.0,51.0,26.0,32.0,37.0
901,40.0,107.0,33.0,33.0,42.0
902,60.0,118.0,57.0,89.0,97.0
903,98.0,31.0,16.0,22.0,40.0
904,15.0,20.0,34.0,26.0,37.0
905,29.0,16.0,36.0,33.0,74.0
906,122.0,63.0,29.0,137.0,24.0
907,55.0,239.0,75.0,38.0,36.0
908,47.0,49.0,22.0,31.0,41.0
909,29.0,39.0,19.0,21.0,53.0
910,18.0,114.0,30.0,23.0,75.0
911,93.0,72.0,23.0,23.0,44.0
912,49.0,20.0,61.0,67.0,74.0
913,40.0,46.0,110.0,56.0,30.0
914,51.0,74.0,34.0,23.0,65.0
915,33.0,32.0,10.0,188.0,97.0
916,20.0,91.0,20.0,23.0,210.0
917,25.0,33.0,54.0,36.0,47.0
918,31.0,82.0,30.0,50.0,23.0
919,13.0,27.0,34.0,62.0,21.0
920,34.0,27.0,42.0,48.0,14.0
921,45.0,40.0,23.0,30.0,102.0
922,15.0,24.0,78.0,61.0,55.0
923,19.0,25.0,31.0,76.0,21.0
924,83.0,85.0,51.0,31.0,145.0
925,21.0,72.0,25.0,36.0,58.0
926,31.0,51.0,23.0,30.0,44.0
927,46.0,34.0,20.0,96.0,53.0
928,83.0,46.0,52.0,70.0,79.0
929,36.0,80.0,38.0,40.0,53.0
930,25.0,43.0,29.0,64.0,60.0
931,41.0,62.0,60.0,55.0,36.0
932,46.0,18.0,77.0,24.0,34.0
933,114.0,23.0,50.0,34.0,40.0
934,122.0,39.0,34.0,13.0,50.0
935,24.0,80.0,21.0,55.0,33.0
936,76.0,104.0,71.0,50.0,54.0
937,97.0,72.0,20.0,33.0,161.0
938,66.0,87.0,42.0,43.0,115.0
939,18.0,72.0,63.0,30.0,77.0
940,15.0,66.0,38.0,122.0,37.0
941,53.0,66.0,31.0,129.0,52.0
942,51.0,178.0,40.0,19.0,113.0
943,47.0,20.0,73.0,85.0,99.0
944,16.0,53.0,16.0,108.0,30.0
945,31.0,94.0,38.0,103.0,21.0
946,40.0,69.0,44.0,68.0,34.0
947,57.0,37.0,56.0,40.0,106.0
948,39.0,102.0,16.0,120.0,62.0
949,38.0,31.0,24.0,67.0,29.0
950,85.0,41.0,68.0,53.0,19.0
951,13.0,21.0,21.0,108.0,43.0
952,28.0,40.0,85.0,193.0,41.0
953,28.0,90.0,68.0,124.0,113.0
954,92.0,31.0,49.0,31.0,33.0
955,86.0,28.0,55.0,51.0,82.0
956,36.0,54.0,20.0,39.0,28.0
957,62.0,38.0,20.0,28.0,28.0
958,25.0,51.0,33.0,31.0,48.0
959,95.0,52.0,35.0,26.0,103.0
960,54.0,34.0,36.0,40.0,130.0
961,104.0,27.0,27.0,55.0,25.0
962,55.0,42.0,22.0,21.0,21.0
963,106.0,20.0,22.0,24.0,93.0
964,55.0,44.0,49.0,24.0,75.0
965,61.0,133.0,29.0,52.0,21.0
966,18.0,61.0,59.0,78.0,80.0
967,24.0,87.0,52.0,23.0,106.0
968,29.0,64.0,36.0,42.0,113.0
969,118.0,73.0,33.0,85.0,30.0
970,67.0,81.0,50.0,38.0,36.0
971,66.0,85.0,38.0,21.0,28.0
972,62.0,46.0,34.0,50.0,17.0
973,36.0,32.0,23.0,108.0,45.0
974,48.0,46.0,71.0,31.0,63.0
975,21.0,52.0,39.0,155.0,22.0
976,51.0,40.0,33.0,67.0,72.0
977,48.0,22.0,63.0,41.0,117.0
978,28.0,28.0,110.0,34.0,27.0
979,86.0,69.0,37.0,79.0,41.0
980,58.0,73.0,43.0,61.0,49.0
981,25.0,69.0,21.0,45.0,23.0
982,61.0,103.0,44.0,86.0,55.0
983,31.0,30.0,39.0,24.0,75.0
984,57.0,68.0,49.0,42.0,73.0
985,24.0,20.0,24.0,26.0,25.0
986,38.0,54.0,89.0,13.0,25.0
987,55.0,44.0,83.0,93.0,116.0
988,105.0,72.0,34.0,50.0,22.0
989,46.0,58.0,25.0,44.0,38.0
990,48.0,81.0,21.0,48.0,216.0
991,27.0,99.0,52.0,27.0,56.0
992,29.0,132.0,56.0,101.0,22.0
993,50.0,54.0,66.0,36.0,70.0
994,27.0,31.0,66.0,63.0,30.0
995,58.0,15.0,42.0,126.0,34.0
996,13.0,154.0,39.0,18.0,61.0
997,50.0,41.0,24.0,26.0,42.0
998,27.0,155.0,57.0,34.0,92.0
999,43.0,89.0,49.0,34.0,36.0
1000,95.0,54.0,33.0,55.0,116.0
1001,65.0,15.0,55.0,23.0,36.0
1002,34.0,73.0,92.0,23.0,62.0
1003,30.0,39.0,20.0,106.0,21.0
1004,54.0,73.0,18.0,68.0,65.0
1005,58.0,101.0,22.0,30.0,21.0
1006,64.0,96.0,132.0,41.0,36.0
1007,26.0,30.0,73.0,36.0,42.0
1008,83.0,30.0,17.0,27.0,76.0
1009,21.0,75.0,44.0,76.0,62.0
1010,89.0,48.0,16.0,40.0,18.0
1011,34.0,38.0,46.0,120.0,46.0
1012,51.0,102.0,47.0,104.0,38.0
1013,58.0,19.0,18.0,30.0,46.0
1014,84.0,101.0,44.0,41.0,60.0
1015,22.0,87.0,37.0,34.0,213.0
1016,49.0,93.0,37.0,77.0,30.0
1017,21.0,97.0,22.0,45.0,93.0
1018,50.0,39.0,41.0,47.0,85.0
1019,43.0,32.0,23.0,45.0,124.0
1020,33.0,135.0,53.0,23.0,36.0
1021,44.0,20.0,33.0,25.0,42.0
1022,18.0,65.0,13.0,144.0,134.0
1023,45.0,115.0,17.0,35.0,131.0
1024,210.0,45.0,43.0,109.0,50.0
1025,61.0,37.0,36.0,31.0,21.0
1026,64.0,97.0,79.0,21.0,131.0
1027,45.0,31.0,37.0,100.0,45.0
1028,39.0,203.0,35.0,47.0,26.0
1029,72.0,40.0,56.0,41.0,27.0
1030,22.0,66.0,46.0,87.0,11.0
1031,21.0,59.0,91.0,18.0,25.0
1032,46.0,76.0,23.0,87.0,16.0
1033,28.0,111.0,46.0,22.0,104.0
1034,24.0,20.0,29.0,107.0,34.0
1035,68.0,70.0,20.0,11.0,55.0
1036,33.0,29.0,29.0,140.0,24.0
1037,95.0,42.0,115.0,20.0,67.0
1038,39.0,153.0,46.0,21.0,76.0
1039,50.0,70.0,68.0,27.0,74.0
1040,77.0,78.0,24.0,94.0,125.0
1041,29.0,50.0,31.0,22.0,200.0
1042,78.0,135.0,41.0,43.0,111.0
1043,55.0,80.0,50.0,31.0,62.0
1044,42.0,49.0,27.0,64.0,28.0
1045,32.0,66.0,67.0,78.0,100.0
1046,21.0,15.0,108.0,76.0,28.0
1047,30.0,25.0,37.0,66.0,208.0
1048,106.0,82.0,50.0,26.0,127.0
1049,35.0,38.0,42.0,31.0,82.0
1050,67.0,36.0,20.0,25.0,93.0
1051,29.0,58.0,50.0,30.0,59.0
1052,43.0,38.0,41.0,14.0,97.0
1053,23.0,30.0,46.0,17.0,57.0
1054,40.0,83.0,64.0,17.0,32.0
1055,64.0,66.0,23.0,29.0,141.0
1056,26.0,65.0,28.0,15.0,78.0
1057,46.0,31.0,30.0,22.0,118.0
1058,72.0,155.0,55.0,54.0,23.0
1059,20.0,40.0,15.0,63.0,75.0
1060,99.0,124.0,79.0,74.0,30.0
1061,138.0,103.0,57.0,29.0,33.0
1062,39.0,149.0,22.0,36.0,68.0
1063,49.0,24.0,27.0,26.0,62.0
1064,60.0,142.0,29.0,80.0,36.0
1065,25.0,134.0,19.0,32.0,103.0
1066,18.0,92.0,77.0,101.0,43.0
1067,46.0,74.0,27.0,27.0,62.0
1068,17.0,34.0,48.0,22.0,159.0
1069,32.0,15.0,42.0,73.0,122.0
1070,41.0,54.0,56.0,73.0,98.0
1071,31.0,100.0,54.0,122.0,92.0
1072,70.0,76.0,41.0,43.0,108.0
1073,28.0,24.0,99.0,87.0,125.0
1074,30.0,51.0,120.0,15.0,179.0
1075,24.0,222.0,21.0,14.0,26.0
1076,128.0,128.0,27.0,13.0,41.0
1077,20.0,81.0,59.0,20.0,37.0
1078,55.0,83.0,18.0,53.0,71.0
1079,73.0,65.0,69.0,62.0,59.0
1080,70.0,140.0,95.0,16.0,47.0
1081,43.0,101.0,46.0,37.0,87.0
1082,137.0,60.0,93.0,31.0,104.0
1083,72.0,27.0,30.0,16.0,40.0
1084,51.0,63.0,48.0,27.0,104.0
1085,39.0,42.0,16.0,94.0,40.0
1086,30.0,41.0,18.0,54.0,33.0
1087,71.0,57.0,44.0,48.0,63.0
1088,23.0,35.0,27.0,35.0,18.0
1089,29.0,126.0,63.0,70.0,115.0
1090,79.0,22.0,30.0,27.0,41.0
1091,105.0,57.0,91.0,20.0,139.0
1092,35.0,57.0,42.0,29.0,27.0
1093,11.0,90.0,62.0,47.0,33.0
1094,74.0,114.0,62.0,46.0,104.0
1095,72.0,40.0,54.0,35.0,70.0
1096,95.0,75.0,136.0,38.0,42.0
1097,108.0,51.0,40.0,115.0,59.0
1098,49.0,129.0,108.0,48.0,184.0
1099,58.0,58.0,11.0,169.0,61.0
1100,17.0,29.0,23.0,23.0,27.0
1101,63.0,67.0,78.0,35.0,33.0
1102,29.0,105.0,73.0,36.0,18.0
1103,57.0,70.0,61.0,33.0,190.0
1104,19.0,35.0,54.0,33.0,67.0
1105,17.0,69.0,50.0,27.0,123.0
1106,103.0,52.0,57.0,97.0,60.0
1107,146.0,61.0,39.0,15.0,70.0
1108,62.0,42.0,64.0,45.0,71.0
1109,67.0,103.0,16.0,49.0,70.0
1110,24.0,125.0,41.0,67.0,123.0
1111,21.0,73.0,17.0,88.0,65.0
1112,55.0,71.0,71.0,21.0,35.0
1113,19.0,72.0,32.0,90.0,138.0
1114,39.0,66.0,61.0,58.0,46.0
1115,155.0,102.0,66.0,47.0,57.0
1116,54.0,66.0,49.0,75.0,116.0
1117,21.0,111.0,84.0,47.0,22.0
1118,32.0,52.0,58.0,32.0,105.0
1119,29.0,47.0,40.0,26.0,53.0
1120,82.0,222.0,27.0,27.0,61.0
1121,164.0,61.0,37.0,20.0,69.0
1122,30.0,19.0,82.0,47.0,243.0
1123,49.0,60.0,41.0,35.0,70.0
1124,72.0,49.0,79.0,35.0,55.0
1125,35.0,19.0,35.0,68.0,33.0
1126,18.0,71.0,40.0,78.0,99.0
1127,101.0,76.0,77.0,52.0,111.0
1128,58.0,66.0,65.0,57.0,200.0
1129,54.0,95.0,54.0,66.0,122.0
1130,113.0,31.0,31.0,96.0,41.0
1131,24.0,62.0,44.0,172.0,107.0
1132,37.0,68.0,79.0,133.0,53.0
1133,73.0,129.0,107.0,78.0,129.0
1134,53.0,30.0,72.0,39.0,55.0
1135,28.0,51.0,39.0,32.0,135.0
1136,39.0,15.0,116.0,81.0,122.0
1137,79.0,45.0,64.0,107.0,35.0
1138,131.0,82.0,47.0,103.0,88.0
1139,27.0,38.0,36.0,19.0,27.0
1140,44.0,77.0,71.0,25.0,33.0
1141,13.0,44.0,28.0,23.0,135.0
1142,33.0,70.0,56.0,111.0,81.0
1143,56.0,58.0,21.0,24.0,35.0
1144,103.0,199.0,28.0,142.0,66.0
1145,94.0,78.0,68.0,46.0,122.0
1146,99.0,121.0,90.0,45.0,265.0
1147,55.0,132.0,30.0,55.0,72.0
1148,54.0,18.0,46.0,38.0,102.0
1149,85.0,18.0,70.0,52.0,25.0
1150,33.0,85.0,62.0,59.0,114.0
1151,96.0,14.0,62.0,39.0,69.0
1152,44.0,44.0,40.0,42.0,122.0
1153,44.0,26.0,50.0,39.0,96.0
1154,65.0,81.0,24.0,44.0,148.0
1155,78.0,50.0,22.0,31.0,28.0
1156,35.0,49.0,20.0,174.0,27.0
1157,27.0,51.0,84.0,99.0,120.0
1158,61.0,34.0,34.0,98.0,44.0
1159,48.0,53.0,72.0,26.0,49.0
1160,79.0,77.0,44.0,36.0,81.0
1161,49.0,28.0,50.0,49.0,69.0
1162,33.0,58.0,44.0,63.0,86.0
1163,137.0,58.0,33.0,191.0,77.0
1164,49.0,33.0,20.0,103.0,31.0
1165,59.0,87.0,31.0,20.0,127.0
1166,108.0,28.0,66.0,101.0,24.0
1167,23.0,89.0,49.0,111.0,176.0
1168,135.0,30.0,61.0,75.0,142.0
1169,17.0,85.0,50.0,113.0,58.0
1170,168.0,64.0,33.0,141.0,147.0
1171,97.0,43.0,19.0,100.0,242.0
1172,80.0,54.0,35.0,113.0,16.0
1173,19.0,88.0,38.0,15.0,57.0
1174,46.0,28.0,52.0,102.0,20.0
1175,249.0,84.0,30.0,92.0,91.0
1176,223.0,89.0,72.0,39.0,109.0
1177,54.0,212.0,24.0,113.0,203.0
1178,111.0,32.0,58.0,77.0,211.0
1179,21.0,78.0,16.0,28.0,313.0
1180,56.0,99.0,90.0,28.0,97.0
1181,23.0,36.0,57.0,129.0,143.0
1182,127.0,123.0,64.0,65.0,31.0
1183,28.0,142.0,38.0,40.0,118.0
1184,41.0,28.0,53.0,62.0,76.0
1185,58.0,179.0,77.0,94.0,95.0
1186,81.0,128.0,46.0,122.0,133.0
1187,175.0,27.0,55.0,49.0,136.0
1188,16.0,38.0,68.0,87.0,127.0
1189,53.0,114.0,60.0,287.0,113.0
1190,78.0,33.0,43.0,67.0,32.0
1191,38.0,76.0,36.0,67.0,23.0
1192,34.0,108.0,76.0,28.0,56.0
1193,44.0,122.0,29.0,173.0,144.0
1194,120.0,25.0,52.0,193.0,29.0
1195,138.0,45.0,128.0,39.0,60.0
1196,32.0,92.0,76.0,92.0,41.0
1197,91.0,58.0,80.0,73.0,34.0
1198,69.0,24.0,21.0,102.0,123.0
1199,62.0,11.0,42.0,47.0,62.0
1200,30.0,37.0,51.0,40.0,90.0
1201,43.0,96.0,42.0,52.0,153.0
1202,59.0,45.0,35.0,37.0,61.0
1203,112.0,102.0,28.0,138.0,216.0
1204,104.0,36.0,61.0,110.0,59.0
1205,74.0,116.0,63.0,75.0,237.0
1206,50.0,139.0,78.0,206.0,69.0
1207,39.0,146.0,84.0,71.0,52.0
1208,140.0,108.0,28.0,82.0,20.0
1209,39.0,155.0,59.0,123.0,22.0
1210,27.0,75.0,16.0,99.0,90.0
1211,85.0,103.0,102.0,52.0,96.0
1212,52.0,44.0,96.0,37.0,88.0
1213,44.0,21.0,45.0,53.0,124.0
1214,77.0,83.0,42.0,45.0,47.0
1215,31.0,66.0,30.0,105.0,187.0
1216,157.0,33.0,64.0,110.0,30.0
1217,25.0,78.0,59.0,151.0,201.0
1218,36.0,67.0,74.0,93.0,53.0
1219,86.0,46.0,50.0,107.0,137.0
1220,35.0,176.0,74.0,15.0,151.0
1221,47.0,134.0,23.0,29.0,26.0
1222,35.0,96.0,65.0,212.0,60.0
1223,48.0,30.0,29.0,27.0,107.0
1224,127.0,14.0,26.0,34.0,121.0
1225,105.0,42.0,21.0,71.0,175.0
1226,44.0,155.0,78.0,78.0,17.0
1227,103.0,65.0,22.0,85.0,30.0
1228,230.0,63.0,49.0,16.0,175.0
1229,71.0,44.0,71.0,28.0,80.0
1230,49.0,75.0,65.0,119.0,88.0
1231,41.0,106.0,23.0,35.0,78.0
1232,41.0,21.0,23.0,23.0,191.0
1233,53.0,181.0,60.0,13.0,15.0
1234,165.0,153.0,73.0,38.0,210.0
1235,42.0,36.0,45.0,28.0,161.0
1236,150.0,316.0,101.0,19.0,137.0
1237,41.0,140.0,145.0,12.0,240.0
1238,22.0,50.0,19.0,53.0,98.0
1239,43.0,67.0,64.0,42.0,140.0
1240,86.0,126.0,67.0,117.0,189.0
1241,68.0,158.0,43.0,23.0,117.0
1242,53.0,60.0,67.0,148.0,231.0
1243,64.0,40.0,73.0,208.0,146.0
1244,23.0,44.0,27.0,116.0,77.0
1245,57.0,42.0,49.0,28.0,101.0
1246,138.0,38.0,18.0,120.0,97.0
1247,98.0,33.0,90.0,92.0,177.0
1248,81.0,151.0,28.0,63.0,157.0
1249,34.0,162.0,67.0,50.0,200.0
1250,16.0,42.0,110.0,60.0,64.0
1251,92.0,74.0,20.0,156.0,74.0
1252,22.0,103.0,49.0,199.0,152.0
1253,37.0,126.0,98.0,18.0,51.0
1254,107.0,158.0,127.0,24.0,269.0
1255,39.0,73.0,78.0,68.0,37.0
1256,17.0,95.0,31.0,53.0,223.0
1257,91.0,86.0,47.0,143.0,121.0
1258,31.0,154.0,73.0,151.0,151.0
1259,65.0,18.0,86.0,85.0,93.0
1260,27.0,46.0,96.0,87.0,77.0
1261,107.0,91.0,28.0,45.0,212.0
1262,82.0,137.0,46.0,105.0,35.0
1263,45.0,30.0,62.0,245.0,127.0
1264,59.0,42.0,97.0,117.0,56.0
1265,125.0,15.0,24.0,31.0,207.0
1266,38.0,108.0,79.0,67.0,38.0
1267,70.0,18.0,46.0,27.0,142.0
1268,86.0,220.0,26.0,94.0,157.0
1269,110.0,65.0,37.0,76.0,97.0
1270,29.0,23.0,87.0,51.0,173.0
1271,53.0,142.0,36.0,61.0,177.0
1272,112.0,74.0,72.0,151.0,115.0
1273,28.0,57.0,42.0,38.0,65.0
1274,55.0,175.0,86.0,94.0,48.0
1275,29.0,82.0,116.0,336.0,60.0
1276,63.0,135.0,84.0,28.0,36.0
1277,68.0,69.0,51.0,51.0,91.0
1278,30.0,96.0,40.0,94.0,153.0
1279,41.0,379.0,49.0,142.0,74.0
1280,25.0,57.0,65.0,27.0,46.0
1281,62.0,111.0,59.0,42.0,111.0
1282,91.0,67.0,88.0,115.0,74.0
1283,59.0,36.0,40.0,21.0,186.0
1284,35.0,85.0,26.0,111.0,228.0
1285,17.0,17.0,88.0,29.0,55.0
1286,60.0,45.0,58.0,54.0,77.0
1287,115.0,97.0,81.0,40.0,58.0
1288,132.0,204.0,43.0,118.0,223.0
1289,74.0,73.0,36.0,21.0,80.0
1290,35.0,128.0,35.0,131.0,120.0
1291,48.0,279.0,30.0,238.0,85.0
1292,12.0,29.0,35.0,126.0,99.0
1293,68.0,27.0,80.0,138.0,403.0
1294,26.0,44.0,37.0,38.0,23.0
1295,42.0,30.0,51.0,45.0,255.0
1296,41.0,49.0,22.0,223.0,147.0
1297,37.0,97.0,40.0,88.0,261.0
1298,51.0,70.0,19.0,116.0,265.0
1299,71.0,48.0,36.0,50.0,98.0
1300,63.0,28.0,39.0,41.0,27.0
1301,26.0,184.0,42.0,220.0,99.0
1302,150.0,151.0,24.0,107.0,43.0
1303,14.0,34.0,30.0,182.0,203.0
1304,66.0,144.0,22.0,256.0,36.0
1305,70.0,135.0,74.0,10.0,336.0
1306,33.0,90.0,52.0,40.0,144.0
1307,109.0,140.0,16.0,227.0,95.0
1308,48.0,124.0,17.0,29.0,29.0
1309,32.0,117.0,138.0,76.0,114.0
1310,62.0,51.0,36.0,56.0,174.0
1311,81.0,59.0,56.0,35.0,41.0
1312,66.0,19.0,60.0,29.0,341.0
1313,67.0,153.0,31.0,144.0,83.0
1314,93.0,23.0,29.0,59.0,18.0
1315,18.0,307.0,38.0,161.0,141.0
1316,86.0,39.0,65.0,70.0,123.0
1317,42.0,167.0,37.0,209.0,126.0
1318,32.0,60.0,62.0,77.0,83.0
1319,22.0,49.0,89.0,67.0,187.0
1320,66.0,60.0,42.0,33.0,75.0
1321,33.0,90.0,52.0,28.0,375.0
1322,52.0,34.0,70.0,89.0,82.0
1323,62.0,33.0,65.0,111.0,263.0
1324,27.0,164.0,86.0,83.0,45.0
1325,30.0,29.0,108.0,99.0,51.0
1326,40.0,81.0,26.0,61.0,44.0
1327,12.0,17.0,71.0,51.0,156.0
1328,28.0,147.0,74.0,57.0,50.0
1329,75.0,38.0,48.0,85.0,152.0
1330,131.0,221.0,32.0,31.0,134.0
1331,67.0,64.0,51.0,71.0,39.0
1332,142.0,172.0,25.0,37.0,189.0
1333,50.0,71.0,42.0,286.0,260.0
1334,98.0,158.0,37.0,131.0,36.0
1335,46.0,175.0,47.0,29.0,122.0
1336,67.0,164.0,34.0,74.0,113.0
1337,112.0,129.0,34.0,89.0,140.0
1338,75.0,65.0,124.0,46.0,151.0
1339,208.0,143.0,46.0,109.0,135.0
1340,172.0,23.0,37.0,48.0,49.0
1341,96.0,72.0,44.0,68.0,234.0
1342,147.0,35.0,50.0,46.0,135.0
1343,130.0,43.0,92.0,36.0,124.0
1344,128.0,60.0,65.0,60.0,86.0
1345,113.0,41.0,43.0,73.0,223.0
1346,111.0,76.0,73.0,21.0,38.0
1347,118.0,48.0,54.0,92.0,245.0
1348,72.0,117.0,77.0,28.0,257.0
1349,34.0,44.0,66.0,225.0,158.0
1350,70.0,171.0,48.0,81.0,151.0
1351,138.0,106.0,65.0,127.0,38.0
1352,91.0,126.0,47.0,136.0,200.0
1353,209.0,18.0,72.0,29.0,33.0
1354,173.0,231.0,32.0,35.0,148.0
1355,55.0,103.0,93.0,32.0,36.0
1356,104.0,41.0,71.0,101.0,109.0
1357,35.0,51.0,38.0,32.0,163.0
1358,229.0,100.0,50.0,128.0,176.0
1359,148.0,151.0,86.0,30.0,291.0
1360,52.0,63.0,121.0,109.0,343.0
1361,81.0,31.0,40.0,23.0,57.0
1362,84.0,113.0,32.0,30.0,131.0
1363,52.0,75.0,63.0,15.0,124.0
1364,22.0,42.0,34.0,129.0,60.0
1365,65.0,51.0,33.0,110.0,64.0
1366,104.0,122.0,55.0,27.0,40.0
1367,171.0,110.0,43.0,39.0,106.0
1368,58.0,149.0,46.0,38.0,146.0
1369,120.0,133.0,22.0,117.0,159.0
1370,108.0,113.0,89.0,30.0,94.0
1371,86.0,95.0,41.0,27.0,162.0
1372,136.0,28.0,60.0,59.0,93.0
1373,241.0,123.0,39.0,150.0,110.0
1374,82.0,31.0,53.0,31.0,29.0
1375,24.0,87.0,62.0,160.0,137.0
1376,151.0,96.0,38.0,21.0,53.0
1377,74.0,47.0,61.0,46.0,104.0
1378,120.0,98.0,42.0,25.0,139.0
1379,182.0,15.0,55.0,76.0,130.0
1380,119.0,221.0,38.0,124.0,61.0
1381,121.0,128.0,81.0,50.0,150.0
1382,204.0,36.0,40.0,28.0,122.0
1383,92.0,94.0,68.0,37.0,77.0
1384,142.0,32.0,62.0,197.0,175.0
1385,119.0,77.0,52.0,48.0,165.0
1386,29.0,278.0,62.0,49.0,32.0
1387,119.0,26.0,73.0,48.0,135.0
1388,156.0,84.0,24.0,107.0,41.0
1389,26.0,157.0,70.0,125.0,162.0
1390,73.0,86.0,124.0,19.0,47.0
1391,361.0,127.0,71.0,351.0,31.0
1392,129.0,150.0,28.0,24.0,280.0
1393,30.0,135.0,152.0,49.0,56.0
1394,89.0,88.0,105.0,41.0,165.0
1395,162.0,123.0,80.0,54.0,100.0
1396,132.0,66.0,37.0,244.0,155.0
1397,159.0,20.0,18.0,54.0,217.0
1398,103.0,156.0,42.0,68.0,104.0
1399,89.0,104.0,49.0,118.0,309.0
1400,99.0,90.0,27.0,21.0,75.0
1401,158.0,50.0,157.0,52.0,44.0
1402,70.0,101.0,53.0,41.0,150.0
1403,149.0,22.0,30.0,94.0,161.0
1404,54.0,160.0,170.0,24.0,193.0
1405,103.0,67.0,173.0,270.0,207.0
1406,63.0,136.0,36.0,47.0,157.0
1407,79.0,75.0,81.0,60.0,68.0
1408,137.0,153.0,58.0,70.0,142.0
1409,183.0,97.0,67.0,144.0,240.0
1410,18.0,70.0,44.0,37.0,153.0
1411,250.0,54.0,55.0,189.0,170.0
1412,143.0,103.0,17.0,21.0,86.0
1413,62.0,77.0,39.0,46.0,195.0
1414,107.0,80.0,120.0,131.0,121.0
1415,91.0,90.0,70.0,106.0,173.0
1416,138.0,206.0,24.0,194.0,77.0
1417,167.0,116.0,21.0,67.0,38.0
1418,188.0,292.0,108.0,25.0,200.0
1419,110.0,122.0,25.0,214.0,108.0
1420,47.0,76.0,106.0,104.0,269.0
1421,42.0,71.0,66.0,138.0,118.0
1422,80.0,241.0,116.0,46.0,56.0
1423,58.0,32.0,134.0,56.0,47.0
1424,206.0,64.0,57.0,98.0,218.0
1425,163.0,94.0,75.0,273.0,35.0
1426,16.0,89.0,132.0,112.0,141.0
1427,81.0,14.0,43.0,313.0,181.0
1428,46.0,63.0,45.0,73.0,91.0
1429,70.0,163.0,37.0,119.0,161.0
1430,57.0,125.0,110.0,61.0,147.0
1431,45.0,141.0,47.0,60.0,161.0
1432,97.0,32.0,67.0,150.0,158.0
1433,47.0,108.0,111.0,116.0,152.0
1434,104.0,76.0,139.0,26.0,233.0
1435,109.0,110.0,41.0,48.0,383.0
1436,81.0,159.0,65.0,54.0,180.0
1437,153.0,158.0,56.0,111.0,37.0
1438,155.0,182.0,106.0,89.0,45.0
1439,52.0,86.0,92.0,215.0,412.0
1440,40.0,103.0,88.0,59.0,109.0
1441,172.0,135.0,24.0,38.0,51.0
1442,79.0,36.0,72.0,246.0,137.0
1443,118.0,103.0,104.0,171.0,38.0
1444,14.0,58.0,64.0,130.0,156.0
1445,121.0,239.0,79.0,168.0,419.0
1446,148.0,146.0,37.0,28.0,144.0
1447,160.0,79.0,87.0,157.0,223.0
1448,117.0,125.0,53.0,170.0,219.0
1449,28.0,80.0,34.0,164.0,129.0
1450,139.0,19.0,46.0,67.0,138.0
1451,185.0,135.0,31.0,101.0,134.0
1452,107.0,108.0,77.0,43.0,62.0
1453,24.0,120.0,53.0,15.0,40.0
1454,192.0,55.0,67.0,71.0,117.0
1455,36.0,163.0,65.0,203.0,78.0
1456,108.0,279.0,111.0,154.0,151.0
1457,137.0,215.0,57.0,100.0,137.0
1458,148.0,18.0,33.0,20.0,154.0
1459,48.0,203.0,44.0,35.0,62.0
1460,44.0,313.0,121.0,136.0,300.0
1461,65.0,225.0,43.0,79.0,228.0
1462,102.0,157.0,94.0,46.0,117.0
1463,23.0,139.0,50.0,49.0,70.0
1464,90.0,228.0,88.0,93.0,84.0
1465,93.0,95.0,33.0,92.0,64.0
1466,203.0,54.0,117.0,163.0,171.0
1467,96.0,35.0,99.0,116.0,165.0
1468,291.0,83.0,39.0,114.0,131.0
1469,150.0,97.0,69.0,23.0,304.0
1470,148.0,264.0,95.0,39.0,30.0
1471,158.0,74.0,98.0,93.0,16.0
1472,124.0,56.0,42.0,398.0,96.0
1473,200.0,126.0,40.0,102.0,151.0
1474,132.0,113.0,47.0,91.0,212.0
1475,329.0,295.0,119.0,91.0,42.0
1476,200.0,122.0,73.0,78.0,166.0
1477,24.0,72.0,109.0,73.0,111.0
1478,73.0,168.0,54.0,58.0,190.0
1479,75.0,79.0,44.0,24.0,171.0
1480,195.0,32.0,102.0,215.0,113.0
1481,113.0,57.0,150.0,66.0,91.0
1482,59.0,147.0,136.0,190.0,277.0
1483,236.0,105.0,140.0,176.0,102.0
1484,102.0,41.0,98.0,39.0,193.0
1485,198.0,145.0,37.0,34.0,292.0
1486,223.0,144.0,52.0,103.0,184.0
1487,158.0,137.0,127.0,65.0,272.0
1488,96.0,78.0,89.0,181.0,90.0
1489,119.0,166.0,54.0,137.0,109.0
1490,60.0,93.0,41.0,26.0,123.0
1491,143.0,168.0,82.0,33.0,257.0
1492,32.0,24.0,65.0,19.0,39.0
1493,32.0,216.0,15.0,31.0,98.0
1494,232.0,211.0,41.0,147.0,44.0
1495,115.0,220.0,233.0,46.0,217.0
1496,239.0,134.0,80.0,77.0,322.0
1497,203.0,60.0,48.0,44.0,158.0
1498,97.0,228.0,184.0,212.0,177.0
1499,189.0,111.0,90.0,18.0,126.0
1500,34.0,256.0,130.0,27.0,154.0
1501,128.0,236.0,46.0,43.0,113.0
1502,74.0,38.0,43.0,199.0,135.0
1503,122.0,151.0,92.0,119.0,125.0
1504,74.0,236.0,100.0,121.0,22.0
1505,119.0,117.0,64.0,122.0,56.0
1506,87.0,73.0,40.0,21.0,247.0
1507,118.0,182.0,29.0,184.0,170.0
1508,143.0,145.0,49.0,241.0,137.0
1509,60.0,228.0,128.0,27.0,121.0
1510,125.0,257.0,44.0,127.0,220.0
1511,336.0,111.0,217.0,45.0,58.0
1512,184.0,103.0,295.0,123.0,176.0
1513,93.0,147.0,45.0,164.0,152.0
1514,36.0,187.0,51.0,227.0,183.0
1515,107.0,55.0,214.0,78.0,178.0
1516,244.0,91.0,20.0,49.0,118.0
1517,121.0,66.0,33.0,57.0,445.0
1518,36.0,39.0,66.0,39.0,251.0
1519,102.0,221.0,21.0,27.0,60.0
1520,17.0,22.0,27.0,82.0,257.0
1521,122.0,196.0,42.0,118.0,185.0
1522,130.0,94.0,87.0,137.0,119.0
1523,182.0,167.0,128.0,100.0,399.0
1524,149.0,225.0,159.0,90.0,172.0
1525,43.0,41.0,47.0,27.0,98.0
1526,173.0,52.0,134.0,210.0,72.0
1527,176.0,179.0,47.0,33.0,168.0
1528,197.0,290.0,110.0,174.0,279.0
1529,78.0,214.0,164.0,46.0,31.0
1530,142.0,146.0,62.0,97.0,154.0
1531,110.0,128.0,45.0,372.0,139.0
1532,65.0,117.0,188.0,142.0,101.0
1533,169.0,114.0,71.0,30.0,215.0
1534,47.0,219.0,44.0,105.0,209.0
1535,62.0,139.0,32.0,31.0,144.0
1536,106.0,70.0,103.0,223.0,412.0
1537,128.0,74.0,134.0,96.0,148.0
1538,141.0,94.0,130.0,209.0,65.0
1539,67.0,131.0,225.0,57.0,191.0
1540,22.0,157.0,109.0,130.0,149.0
1541,280.0,507.0,224.0,301.0,175.0
1542,26.0,218.0,99.0,18.0,123.0
1543,51.0,89.0,30.0,177.0,210.0
1544,44.0,153.0,61.0,94.0,219.0
1545,126.0,91.0,60.0,64.0,215.0
1546,64.0,45.0,112.0,143.0,220.0
1547,105.0,170.0,85.0,76.0,248.0
1548,98.0,101.0,124.0,93.0,194.0
1549,124.0,127.0,62.0,13.0,160.0
1550,167.0,112.0,114.0,96.0,160.0
1551,123.0,28.0,143.0,97.0,191.0
1552,35.0,117.0,90.0,96.0,147.0
1553,52.0,84.0,147.0,40.0,187.0
1554,91.0,103.0,77.0,58.0,224.0
1555,135.0,206.0,111.0,79.0,179.0
1556,220.0,25.0,130.0,131.0,64.0
1557,149.0,156.0,73.0,71.0,185.0
1558,27.0,222.0,38.0,137.0,38.0
1559,30.0,41.0,126.0,31.0,292.0
1560,108.0,196.0,66.0,80.0,192.0
1561,85.0,193.0,267.0,24.0,246.0
1562,193.0,99.0,92.0,45.0,276.0
1563,81.0,150.0,131.0,27.0,144.0
1564,107.0,19.0,61.0,123.0,180.0
1565,110.0,38.0,82.0,49.0,158.0
1566,76.0,88.0,110.0,145.0,169.0
1567,92.0,56.0,118.0,87.0,34.0
1568,230.0,116.0,79.0,81.0,209.0
1569,182.0,48.0,131.0,127.0,162.0
1570,307.0,233.0,60.0,134.0,245.0
1571,113.0,264.0,40.0,82.0,199.0
1572,182.0,91.0,98.0,98.0,20.0
1573,211.0,171.0,55.0,57.0,96.0
1574,143.0,182.0,31.0,331.0,211.0
1575,183.0,204.0,143.0,91.0,236.0
1576,78.0,61.0,43.0,42.0,295.0
1577,75.0,113.0,148.0,104.0,24.0
1578,57.0,198.0,120.0,81.0,409.0
1579,55.0,187.0,37.0,37.0,167.0
1580,187.0,132.0,59.0,60.0,270.0
1581,223.0,64.0,65.0,293.0,117.0
1582,73.0,120.0,107.0,173.0,185.0
1583,25.0,51.0,174.0,107.0,181.0
1584,170.0,99.0,90.0,65.0,58.0
1585,167.0,193.0,121.0,222.0,331.0
1586,189.0,200.0,135.0,141.0,125.0
1587,140.0,216.0,73.0,115.0,183.0
1588,86.0,212.0,64.0,152.0,95.0
1589,110.0,154.0,50.0,122.0,143.0
1590,55.0,136.0,117.0,39.0,168.0
1591,204.0,75.0,54.0,19.0,234.0
1592,114.0,159.0,45.0,165.0,310.0
1593,313.0,127.0,132.0,304.0,268.0
1594,44.0,83.0,48.0,121.0,191.0
1595,107.0,125.0,54.0,214.0,198.0
1596,151.0,50.0,55.0,200.0,186.0
1597,71.0,28.0,138.0,47.0,197.0
1598,162.0,132.0,129.0,62.0,247.0
1599,211.0,21.0,196.0,142.0,160.0
1600,97.0,259.0,50.0,131.0,205.0
1601,241.0,167.0,153.0,50.0,177.0
1602,106.0,56.0,44.0,45.0,134.0
1603,184.0,49.0,274.0,96.0,20.0
1604,174.0,38.0,63.0,94.0,151.0
1605,48.0,28.0,82.0,40.0,299.0
1606,214.0,87.0,174.0,46.0,197.0
1607,65.0,53.0,50.0,114.0,57.0
1608,124.0,186.0,165.0,123.0,101.0
1609,136.0,230.0,192.0,104.0,71.0
1610,43.0,223.0,82.0,269.0,261.0
1611,141.0,133.0,171.0,29.0,58.0
1612,96.0,106.0,124.0,59.0,210.0
1613,38.0,131.0,234.0,230.0,130.0
1614,125.0,178.0,182.0,19.0,200.0
1615,204.0,300.0,222.0,113.0,160.0
1616,134.0,156.0,101.0,77.0,126.0
1617,92.0,294.0,225.0,276.0,63.0
1618,101.0,164.0,46.0,93.0,214.0
1619,180.0,42.0,247.0,82.0,103.0
1620,131.0,116.0,125.0,175.0,182.0
1621,49.0,148.0,139.0,59.0,158.0
1622,36.0,226.0,107.0,53.0,165.0
1623,91.0,289.0,46.0,24.0,163.0
1624,109.0,24.0,76.0,23.0,206.0
1625,127.0,106.0,122.0,36.0,214.0
1626,65.0,159.0,101.0,78.0,192.0
1627,133.0,85.0,128.0,114.0,109.0
1628,150.0,65.0,83.0,58.0,139.0
1629,148.0,183.0,45.0,74.0,311.0
1630,157.0,207.0,86.0,61.0,127.0
1631,213.0,137.0,59.0,165.0,227.0
1632,219.0,49.0,51.0,167.0,24.0
1633,210.0,138.0,25.0,187.0,118.0
1634,102.0,41.0,31.0,113.0,25.0
1635,206.0,227.0,159.0,101.0,126.0
1636,141.0,145.0,102.0,57.0,268.0
1637,57.0,255.0,116.0,147.0,86.0
1638,230.0,171.0,160.0,183.0,197.0
1639,179.0,26.0,248.0,158.0,245.0
1640,42.0,106.0,129.0,257.0,123.0
1641,40.0,146.0,122.0,90.0,263.0
1642,99.0,92.0,292.0,76.0,194.0
1643,20.0,124.0,130.0,70.0,123.0
1644,63.0,112.0,87.0,85.0,292.0
1645,150.0,149.0,258.0,137.0,27.0
1646,132.0,120.0,183.0,64.0,264.0
1647,98.0,257.0,114.0,287.0,257.0
1648,114.0,80.0,144.0,135.0,241.0
1649,18.0,178.0,140.0,30.0,227.0
1650,113.0,65.0,37.0,59.0,280.0
1651,146.0,122.0,146.0,311.0,93.0
1652,157.0,175.0,270.0,82.0,144.0
1653,209.0,158.0,233.0,148.0,103.0
1654,117.0,79.0,342.0,169.0,127.0
1655,182.0,117.0,67.0,54.0,108.0
1656,133.0,123.0,144.0,71.0,239.0
1657,349.0,180.0,293.0,104.0,260.0
1658,36.0,128.0,73.0,59.0,162.0
1659,101.0,107.0,115.0,155.0,155.0
1660,189.0,286.0,102.0,61.0,269.0
1661,86.0,122.0,129.0,96.0,101.0
1662,191.0,138.0,28.0,123.0,201.0
1663,145.0,94.0,90.0,278.0,46.0
1664,93.0,53.0,23.0,19.0,139.0
1665,118.0,136.0,86.0,145.0,412.0
1666,187.0,45.0,57.0,40.0,213.0
1667,124.0,21.0,192.0,102.0,161.0
1668,36.0,133.0,31.0,129.0,217.0
1669,208.0,41.0,43.0,65.0,214.0
1670,233.0,182.0,179.0,31.0,62.0
1671,187.0,114.0,121.0,174.0,326.0
1672,128.0,74.0,84.0,188.0,137.0
1673,14.0,156.0,57.0,96.0,96.0
1674,84.0,97.0,151.0,144.0,124.0
1675,141.0,110.0,80.0,59.0,165.0
1676,169.0,41.0,40.0,179.0,161.0
1677,101.0,79.0,54.0,202.0,202.0
1678,42.0,113.0,171.0,166.0,39.0
1679,45.0,143.0,113.0,59.0,101.0
1680,189.0,23.0,156.0,57.0,95.0
1681,158.0,179.0,217.0,101.0,187.0
1682,271.0,142.0,145.0,78.0,68.0
1683,148.0,197.0,100.0,58.0,225.0
1684,121.0,22.0,47.0,151.0,94.0
1685,142.0,116.0,180.0,149.0,201.0
1686,156.0,46.0,35.0,179.0,99.0
1687,174.0,200.0,218.0,186.0,157.0
1688,277.0,124.0,28.0,131.0,73.0
1689,39.0,109.0,170.0,243.0,144.0
1690,323.0,316.0,103.0,192.0,156.0
1691,135.0,251.0,311.0,126.0,167.0
1692,296.0,47.0,213.0,91.0,139.0
1693,159.0,280.0,104.0,23.0,154.0
1694,169.0,198.0,101.0,25.0,175.0
1695,143.0,71.0,100.0,120.0,267.0
1696,86.0,86.0,221.0,134.0,124.0
1697,32.0,299.0,278.0,137.0,96.0
1698,118.0,180.0,69.0,200.0,187.0
1699,144.0,22.0,40.0,167.0,163.0
1700,209.0,214.0,75.0,53.0,40.0
1701,152.0,182.0,66.0,63.0,119.0
1702,171.0,321.0,71.0,126.0,141.0
1703,196.0,111.0,110.0,163.0,218.0
1704,37.0,247.0,112.0,114.0,318.0
1705,230.0,52.0,107.0,299.0,142.0
1706,67.0,214.0,99.0,141.0,190.0
1707,40.0,132.0,271.0,124.0,234.0
1708,88.0,180.0,62.0,174.0,239.0
1709,221.0,102.0,32.0,40.0,112.0
1710,230.0,40.0,179.0,64.0,101.0
1711,273.0,87.0,171.0,70.0,172.0
1712,31.0,127.0,364.0,54.0,247.0
1713,94.0,40.0,40.0,134.0,105.0
1714,68.0,150.0,166.0,99.0,16.0
1715,104.0,170.0,161.0,142.0,249.0
1716,40.0,183.0,35.0,149.0,173.0
1717,171.0,62.0,108.0,132.0,154.0
1718,156.0,40.0,208.0,83.0,109.0
1719,139.0,116.0,85.0,194.0,164.0
1720,108.0,137.0,109.0,91.0,134.0
1721,197.0,177.0,66.0,251.0,137.0
1722,162.0,172.0,137.0,23.0,118.0
1723,164.0,205.0,119.0,38.0,117.0
1724,178.0,78.0,267.0,210.0,75.0
1725,200.0,190.0,220.0,115.0,88.0
1726,257.0,183.0,120.0,103.0,200.0
1727,208.0,329.0,66.0,140.0,115.0
1728,184.0,155.0,173.0,122.0,166.0
1729,217.0,175.0,138.0,99.0,32.0
1730,158.0,173.0,85.0,46.0,274.0
1731,201.0,33.0,263.0,86.0,80.0
1732,195.0,136.0,180.0,33.0,156.0
1733,167.0,80.0,212.0,136.0,248.0
1734,130.0,101.0,182.0,128.0,89.0
1735,114.0,147.0,59.0,266.0,141.0
1736,48.0,231.0,138.0,84.0,31.0
1737,134.0,97.0,125.0,45.0,190.0
1738,100.0,28.0,280.0,161.0,236.0
1739,212.0,138.0,112.0,27.0,47.0
1740,44.0,60.0,207.0,74.0,207.0
1741,139.0,172.0,42.0,173.0,40.0
1742,170.0,222.0,141.0,125.0,131.0
1743,127.0,61.0,131.0,30.0,148.0
1744,113.0,235.0,243.0,80.0,38.0
1745,146.0,89.0,45.0,100.0,173.0
1746,94.0,215.0,139.0,232.0,163.0
1747,126.0,139.0,414.0,196.0,85.0
1748,241.0,178.0,135.0,209.0,155.0
1749,147.0,284.0,199.0,79.0,85.0
1750,98.0,45.0,234.0,37.0,182.0
1751,33.0,182.0,182.0,128.0,160.0
1752,112.0,182.0,125.0,124.0,212.0
1753,181.0,47.0,167.0,25.0,56.0
1754,147.0,109.0,157.0,130.0,149.0
1755,162.0,552.0,126.0,90.0,143.0
1756,91.0,142.0,41.0,185.0,144.0
1757,226.0,146.0,289.0,29.0,152.0
1758,241.0,27.0,51.0,50.0,33.0
1759,240.0,77.0,50.0,67.0,220.0
1760,97.0,180.0,26.0,79.0,127.0
1761,115.0,173.0,116.0,113.0,114.0
1762,89.0,154.0,118.0,221.0,84.0
1763,46.0,173.0,89.0,168.0,334.0
1764,267.0,145.0,54.0,55.0,398.0
1765,69.0,166.0,172.0,114.0,67.0
1766,80.0,196.0,238.0,242.0,127.0
1767,69.0,93.0,207.0,34.0,64.0
1768,211.0,212.0,338.0,174.0,103.0
1769,119.0,120.0,126.0,136.0,298.0
1770,169.0,139.0,134.0,164.0,134.0
1771,76.0,25.0,200.0,95.0,137.0
1772,220.0,148.0,129.0,128.0,191.0
1773,67.0,187.0,335.0,46.0,240.0
1774,37.0,547.0,150.0,263.0,225.0
1775,138.0,87.0,79.0,68.0,138.0
1776,262.0,142.0,87.0,55.0,74.0
1777,177.0,161.0,159.0,372.0,192.0
1778,185.0,68.0,148.0,125.0,375.0
1779,149.0,99.0,52.0,23.0,115.0
1780,257.0,163.0,156.0,179.0,40.0
1781,161.0,136.0,210.0,57.0,37.0
1782,248.0,15.0,356.0,80.0,218.0
1783,29.0,116.0,411.0,222.0,122.0
1784,124.0,122.0,138.0,167.0,101.0
1785,69.0,224.0,54.0,54.0,170.0
1786,284.0,226.0,231.0,20.0,211.0
1787,166.0,62.0,253.0,16.0,209.0
1788,214.0,232.0,118.0,369.0,281.0
1789,151.0,135.0,111.0,158.0,321.0
1790,214.0,111.0,55.0,116.0,114.0
1791,131.0,172.0,132.0,219.0,172.0
1792,367.0,132.0,68.0,168.0,381.0
1793,152.0,173.0,146.0,211.0,366.0
1794,156.0,24.0,20.0,33.0,119.0
1795,25.0,37.0,181.0,194.0,182.0
1796,242.0,103.0,221.0,157.0,200.0
1797,30.0,220.0,200.0,195.0,116.0
1798,30.0,141.0,295.0,99.0,282.0
1799,174.0,181.0,96.0,75.0,80.0
1800,360.0,235.0,140.0,139.0,88.0
1801,113.0,195.0,252.0,180.0,311.0
1802,181.0,131.0,117.0,127.0,145.0
1803,70.0,129.0,128.0,140.0,148.0
1804,153.0,240.0,27.0,35.0,268.0
1805,341.0,44.0,79.0,65.0,105.0
1806,66.0,102.0,332.0,130.0,244.0
1807,27.0,145.0,153.0,110.0,297.0
1808,353.0,169.0,40.0,72.0,169.0
1809,104.0,179.0,188.0,164.0,131.0
1810,256.0,148.0,190.0,21.0,212.0
1811,198.0,347.0,280.0,321.0,312.0
1812,122.0,111.0,355.0,165.0,144.0
1813,170.0,221.0,123.0,136.0,88.0
1814,70.0,31.0,52.0,189.0,200.0
1815,180.0,186.0,162.0,151.0,153.0
1816,130.0,138.0,54.0,126.0,185.0
1817,139.0,39.0,160.0,114.0,181.0
1818,200.0,236.0,45.0,231.0,196.0
1819,47.0,92.0,187.0,95.0,132.0
1820,223.0,64.0,170.0,194.0,516.0
1821,198.0,152.0,266.0,143.0,164.0
1822,287.0,160.0,44.0,240.0,112.0
1823,270.0,279.0,19.0,163.0,266.0
1824,297.0,56.0,146.0,232.0,262.0
1825,99.0,153.0,97.0,173.0,128.0
1826,144.0,41.0,126.0,64.0,57.0
1827,215.0,193.0,239.0,125.0,81.0
1828,119.0,132.0,72.0,183.0,308.0
1829,220.0,189.0,55.0,64.0,298.0
1830,159.0,119.0,35.0,117.0,73.0
1831,354.0,167.0,47.0,21.0,75.0
1832,143.0,184.0,183.0,97.0,233.0
1833,109.0,145.0,105.0,196.0,121.0
1834,141.0,122.0,253.0,257.0,116.0
1835,132.0,88.0,174.0,59.0,145.0
1836,169.0,245.0,119.0,111.0,220.0
1837,94.0,145.0,249.0,71.0,192.0
1838,171.0,88.0,67.0,210.0,161.0
1839,45.0,45.0,42.0,69.0,297.0
1840,124.0,316.0,206.0,250.0,121.0
1841,53.0,129.0,250.0,104.0,43.0
1842,220.0,64.0,59.0,62.0,118.0
1843,55.0,68.0,159.0,245.0,43.0
1844,130.0,158.0,150.0,171.0,171.0
1845,184.0,166.0,211.0,96.0,87.0
1846,180.0,67.0,203.0,222.0,229.0
1847,263.0,155.0,90.0,241.0,57.0
1848,500.0,107.0,188.0,133.0,370.0
1849,56.0,131.0,213.0,186.0,121.0
1850,58.0,263.0,252.0,171.0,187.0
1851,163.0,101.0,123.0,275.0,86.0
1852,29.0,177.0,332.0,74.0,149.0
1853,135.0,328.0,205.0,219.0,136.0
1854,123.0,223.0,249.0,206.0,211.0
1855,188.0,138.0,136.0,55.0,38.0
1856,157.0,371.0,214.0,67.0,473.0
1857,18.0,157.0,158.0,248.0,130.0
1858,145.0,103.0,242.0,327.0,108.0
1859,56.0,44.0,273.0,156.0,180.0
1860,43.0,14.0,227.0,280.0,174.0
1861,127.0,73.0,213.0,188.0,219.0
1862,145.0,105.0,85.0,135.0,193.0
1863,174.0,248.0,108.0,37.0,193.0
1864,197.0,382.0,176.0,343.0,124.0
1865,45.0,89.0,153.0,167.0,103.0
1866,46.0,225.0,107.0,220.0,194.0
1867,149.0,141.0,109.0,707.0,159.0
1868,188.0,161.0,162.0,81.0,214.0
1869,148.0,250.0,151.0,47.0,214.0
1870,221.0,274.0,71.0,96.0,112.0
1871,117.0,121.0,47.0,203.0,104.0
1872,228.0,106.0,134.0,170.0,108.0
1873,45.0,194.0,197.0,107.0,96.0
1874,110.0,54.0,238.0,39.0,160.0
1875,46.0,75.0,118.0,121.0,50.0
1876,208.0,34.0,183.0,37.0,119.0
1877,258.0,96.0,25.0,205.0,132.0
1878,84.0,173.0,71.0,93.0,94.0
1879,132.0,44.0,131.0,21.0,164.0
1880,200.0,211.0,135.0,358.0,149.0
1881,34.0,260.0,36.0,89.0,150.0
1882,127.0,236.0,132.0,144.0,176.0
1883,77.0,56.0,126.0,112.0,127.0
1884,109.0,176.0,243.0,291.0,133.0
1885,217.0,166.0,115.0,526.0,225.0
1886,99.0,141.0,117.0,156.0,112.0
1887,158.0,20.0,213.0,353.0,144.0
1888,197.0,283.0,147.0,424.0,208.0
1889,108.0,286.0,169.0,309.0,86.0
1890,129.0,195.0,89.0,182.0,176.0
1891,167.0,156.0,150.0,43.0,134.0
1892,47.0,137.0,119.0,164.0,37.0
1893,211.0,177.0,176.0,78.0,189.0
1894,141.0,172.0,37.0,94.0,116.0
1895,191.0,198.0,66.0,177.0,46.0
1896,73.0,79.0,228.0,104.0,60.0
1897,151.0,89.0,147.0,16.0,57.0
1898,250.0,215.0,109.0,30.0,243.0
1899,230.0,173.0,561.0,172.0,78.0
1900,74.0,185.0,111.0,309.0,206.0
1901,183.0,44.0,34.0,80.0,88.0
1902,125.0,188.0,41.0,88.0,105.0
1903,155.0,161.0,72.0,91.0,203.0
1904,83.0,144.0,78.0,179.0,144.0
1905,195.0,146.0,167.0,154.0,41.0
1906,177.0,188.0,42.0,115.0,125.0
1907,165.0,211.0,96.0,214.0,161.0
1908,105.0,172.0,116.0,80.0,105.0
1909,130.0,32.0,276.0,108.0,227.0
1910,213.0,123.0,127.0,85.0,140.0
1911,195.0,216.0,113.0,106.0,136.0
1912,88.0,190.0,136.0,141.0,156.0
1913,114.0,191.0,56.0,57.0,118.0
1914,119.0,82.0,18.0,106.0,129.0
1915,80.0,213.0,132.0,191.0,161.0
1916,112.0,135.0,26.0,201.0,102.0
1917,127.0,74.0,83.0,257.0,112.0
1918,154.0,160.0,184.0,132.0,153.0
1919,233.0,161.0,50.0,185.0,224.0
1920,112.0,154.0,35.0,188.0,159.0
1921,67.0,152.0,241.0,277.0,105.0
1922,256.0,91.0,173.0,211.0,291.0
1923,182.0,177.0,102.0,52.0,150.0
1924,126.0,163.0,175.0,236.0,116.0
1925,178.0,202.0,52.0,245.0,149.0
1926,68.0,143.0,214.0,273.0,60.0
1927,319.0,311.0,109.0,172.0,155.0
1928,39.0,218.0,135.0,46.0,156.0
1929,292.0,248.0,219.0,254.0,169.0
1930,77.0,199.0,91.0,87.0,217.0
1931,99.0,206.0,199.0,186.0,39.0
1932,131.0,458.0,139.0,157.0,138.0
1933,171.0,96.0,112.0,151.0,106.0
1934,30.0,82.0,63.0,58.0,155.0
1935,329.0,187.0,254.0,202.0,114.0
1936,323.0,131.0,241.0,89.0,381.0
1937,230.0,99.0,130.0,223.0,104.0
1938,177.0,172.0,128.0,97.0,269.0
1939,59.0,114.0,147.0,120.0,310.0
1940,260.0,192.0,181.0,154.0,147.0
1941,113.0,146.0,312.0,203.0,144.0
1942,189.0,234.0,322.0,326.0,155.0
1943,136.0,119.0,35.0,99.0,391.0
1944,174.0,490.0,127.0,184.0,209.0
1945,107.0,38.0,71.0,195.0,258.0
1946,166.0,208.0,237.0,186.0,166.0
1947,39.0,253.0,109.0,101.0,103.0
1948,141.0,136.0,21.0,130.0,142.0
1949,207.0,169.0,188.0,210.0,229.0
1950,45.0,109.0,164.0,189.0,214.0
1951,144.0,194.0,150.0,136.0,363.0
1952,269.0,233.0,232.0,165.0,125.0
1953,180.0,243.0,46.0,207.0,130.0
1954,228.0,264.0,225.0,363.0,38.0
1955,74.0,290.0,230.0,132.0,102.0
1956,164.0,110.0,321.0,86.0,314.0
1957,188.0,144.0,218.0,247.0,224.0
1958,81.0,149.0,386.0,156.0,128.0
1959,194.0,180.0,78.0,226.0,197.0
1960,128.0,492.0,387.0,90.0,84.0
1961,116.0,104.0,69.0,143.0,34.0
1962,85.0,107.0,112.0,373.0,260.0
1963,124.0,135.0,381.0,215.0,133.0
1964,30.0,186.0,89.0,109.0,130.0
1965,125.0,158.0,199.0,85.0,147.0
1966,209.0,286.0,197.0,151.0,146.0
1967,188.0,365.0,32.0,312.0,113.0
1968,164.0,61.0,203.0,142.0,236.0
1969,66.0,126.0,163.0,32.0,252.0
1970,163.0,114.0,74.0,35.0,130.0
1971,238.0,47.0,84.0,113.0,126.0
1972,246.0,105.0,110.0,140.0,210.0
1973,90.0,123.0,140.0,127.0,234.0
1974,103.0,133.0,117.0,113.0,329.0
1975,139.0,57.0,174.0,61.0,107.0
1976,162.0,50.0,315.0,201.0,272.0
1977,232.0,193.0,121.0,277.0,212.0
1978,310.0,175.0,102.0,192.0,147.0
1979,181.0,235.0,285.0,263.0,349.0
1980,164.0,146.0,136.0,121.0,114.0
1981,44.0,311.0,180.0,45.0,184.0
1982,303.0,209.0,365.0,106.0,295.0
1983,170.0,176.0,133.0,329.0,702.0
1984,78.0,195.0,150.0,67.0,172.0
1985,245.0,381.0,277.0,147.0,276.0
1986,79.0,117.0,441.0,292.0,297.0
1987,274.0,110.0,137.0,227.0,394.0
1988,164.0,240.0,145.0,43.0,184.0
1989,88.0,95.0,140.0,260.0,475.0
1990,161.0,228.0,25.0,152.0,309.0
1991,182.0,168.0,466.0,172.0,237.0
1992,207.0,29.0,488.0,183.0,586.0
1993,202.0,189.0,140.0,178.0,117.0
1994,193.0,75.0,119.0,193.0,349.0
1995,169.0,30.0,267.0,298.0,248.0
1996,24.0,155.0,51.0,32.0,251.0
1997,157.0,151.0,126.0,20.0,320.0
1998,161.0,155.0,171.0,193.0,22.0
1999,206.0,196.0,122.0,166.0,112.0
2000,287.0,21.0,114.0,107.0,134.0
2001,113.0,380.0,142.0,58.0,175.0
2002,172.0,39.0,65.0,149.0,258.0
2003,245.0,218.0,312.0,202.0,173.0
2004,122.0,97.0,119.0,146.0,373.0
2005,202.0,286.0,110.0,180.0,240.0
2006,96.0,138.0,130.0,201.0,147.0
2007,191.0,150.0,191.0,154.0,113.0
2008,93.0,228.0,371.0,159.0,125.0
2009,377.0,131.0,125.0,180.0,80.0
2010,121.0,325.0,62.0,71.0,205.0
2011,295.0,268.0,109.0,175.0,131.0
2012,74.0,98.0,451.0,125.0,206.0
2013,63.0,256.0,142.0,113.0,281.0
2014,89.0,223.0,142.0,293.0,389.0
2015,100.0,158.0,343.0,195.0,234.0
2016,194.0,116.0,128.0,158.0,294.0
2017,285.0,178.0,165.0,228.0,554.0
2018,189.0,32.0,233.0,248.0,239.0
2019,253.0,225.0,461.0,100.0,361.0
2020,248.0,257.0,134.0,24.0,309.0
2021,223.0,140.0,58.0,120.0,185.0
2022,235.0,369.0,212.0,117.0,123.0
2023,102.0,260.0,444.0,99.0,560.0
2024,222.0,216.0,134.0,149.0,501.0
2025,110.0,492.0,95.0,202.0,246.0
2026,129.0,306.0,120.0,143.0,217.0
2027,120.0,180.0,232.0,391.0,527.0
2028,143.0,155.0,272.0,248.0,246.0
2029,171.0,47.0,169.0,269.0,238.0
2030,337.0,68.0,141.0,161.0,310.0
2031,212.0,196.0,174.0,75.0,220.0
2032,343.0,312.0,124.0,21.0,616.0
2033,21.0,202.0,37.0,40.0,311.0
2034,273.0,165.0,114.0,38.0,224.0
2035,294.0,215.0,124.0,56.0,51.0
2036,207.0,359.0,227.0,252.0,192.0
2037,183.0,265.0,181.0,57.0,149.0
2038,113.0,107.0,112.0,415.0,234.0
2039,143.0,128.0,142.0,158.0,362.0
2040,49.0,67.0,111.0,54.0,168.0
2041,119.0,158.0,80.0,58.0,70.0
2042,96.0,83.0,201.0,114.0,163.0
2043,80.0,193.0,85.0,247.0,137.0
2044,85.0,119.0,219.0,59.0,226.0
2045,172.0,227.0,127.0,147.0,201.0
2046,94.0,74.0,78.0,85.0,292.0
2047,37.0,200.0,85.0,50.0,182.0
2048,20.0,117.0,302.0,89.0,265.0
2049,135.0,114.0,200.0,30.0,286.0
2050,111.0,255.0,263.0,38.0,235.0
2051,204.0,180.0,121.0,155.0,158.0
2052,254.0,239.0,190.0,127.0,98.0
2053,175.0,127.0,121.0,214.0,334.0
2054,236.0,167.0,356.0,154.0,105.0
2055,107.0,233.0,35.0,62.0,218.0
2056,88.0,135.0,170.0,195.0,344.0
2057,211.0,349.0,165.0,263.0,289.0
2058,96.0,94.0,172.0,20.0,153.0
2059,182.0,64.0,394.0,152.0,152.0
2060,71.0,212.0,25.0,57.0,174.0
2061,170.0,125.0,63.0,200.0,325.0
2062,54.0,381.0,150.0,220.0,207.0
2063,223.0,214.0,133.0,252.0,133.0
2064,139.0,163.0,104.0,99.0,393.0
2065,231.0,168.0,142.0,237.0,399.0
2066,344.0,198.0,206.0,182.0,377.0
2067,177.0,157.0,119.0,25.0,157.0
2068,100.0,137.0,80.0,183.0,215.0
2069,46.0,202.0,350.0,219.0,192.0
2070,98.0,60.0,140.0,123.0,136.0
2071,54.0,85.0,74.0,107.0,157.0
2072,216.0,52.0,183.0,356.0,184.0
2073,115.0,26.0,33.0,213.0,52.0
2074,145.0,145.0,375.0,66.0,182.0
2075,79.0,151.0,137.0,27.0,76.0
2076,173.0,193.0,110.0,147.0,306.0
2077,101.0,216.0,113.0,153.0,341.0
2078,44.0,65.0,158.0,79.0,163.0
2079,152.0,133.0,151.0,158.0,164.0
2080,254.0,124.0,154.0,187.0,280.0
2081,53.0,136.0,316.0,307.0,205.0
2082,259.0,164.0,130.0,122.0,237.0
2083,62.0,212.0,51.0,87.0,110.0
2084,114.0,170.0,256.0,121.0,165.0
2085,158.0,91.0,62.0,131.0,275.0
2086,166.0,139.0,202.0,236.0,289.0
2087,74.0,223.0,167.0,156.0,202.0
2088,242.0,190.0,207.0,218.0,215.0
2089,68.0,217.0,202.0,207.0,393.0
2090,308.0,398.0,125.0,127.0,265.0
2091,163.0,150.0,159.0,62.0,147.0
2092,165.0,142.0,363.0,36.0,101.0
2093,132.0,189.0,405.0,218.0,443.0
2094,42.0,282.0,170.0,242.0,130.0
2095,136.0,149.0,166.0,211.0,228.0
2096,48.0,134.0,147.0,184.0,244.0
2097,97.0,172.0,136.0,133.0,276.0
2098,190.0,85.0,319.0,126.0,164.0
2099,121.0,23.0,82.0,183.0,134.0
2100,168.0,174.0,53.0,241.0,374.0
2101,21.0,146.0,162.0,139.0,156.0
2102,79.0,119.0,244.0,174.0,107.0
2103,109.0,143.0,158.0,242.0,143.0
2104,70.0,87.0,181.0,73.0,134.0
2105,110.0,22.0,93.0,207.0,190.0
2106,197.0,121.0,162.0,267.0,122.0
2107,118.0,135.0,327.0,254.0,160.0
2108,149.0,213.0,200.0,238.0,435.0
2109,181.0,149.0,162.0,160.0,183.0
2110,58.0,170.0,117.0,116.0,235.0
2111,159.0,166.0,104.0,168.0,134.0
2112,126.0,131.0,231.0,52.0,289.0
2113,193.0,146.0,98.0,228.0,490.0
2114,91.0,184.0,259.0,174.0,220.0
2115,113.0,155.0,202.0,203.0,225.0
2116,167.0,96.0,270.0,186.0,334.0
2117,183.0,351.0,67.0,59.0,235.0
2118,33.0,92.0,102.0,351.0,101.0
2119,136.0,164.0,143.0,203.0,140.0
2120,102.0,67.0,219.0,148.0,286.0
2121,162.0,73.0,117.0,273.0,254.0
2122,96.0,69.0,261.0,177.0,182.0
2123,41.0,143.0,186.0,210.0,139.0
2124,45.0,153.0,106.0,176.0,83.0
2125,83.0,170.0,238.0,124.0,227.0
2126,213.0,46.0,164.0,125.0,247.0
2127,154.0,62.0,119.0,254.0,258.0
2128,19.0,273.0,276.0,347.0,146.0
2129,231.0,124.0,258.0,270.0,142.0
2130,200.0,174.0,147.0,124.0,343.0
2131,178.0,126.0,119.0,320.0,262.0
2132,92.0,345.0,278.0,91.0,146.0
2133,76.0,166.0,322.0,147.0,216.0
2134,151.0,404.0,118.0,311.0,108.0
2135,102.0,157.0,58.0,212.0,252.0
2136,314.0,249.0,108.0,136.0,430.0
2137,162.0,119.0,282.0,192.0,289.0
2138,154.0,227.0,315.0,222.0,132.0
2139,181.0,120.0,133.0,158.0,148.0
2140,162.0,171.0,408.0,152.0,169.0
2141,157.0,173.0,20.0,427.0,370.0
2142,220.0,152.0,159.0,53.0,371.0
2143,177.0,193.0,164.0,226.0,296.0
2144,128.0,157.0,241.0,211.0,18.0
2145,291.0,217.0,107.0,143.0,225.0
2146,174.0,295.0,139.0,214.0,179.0
2147,75.0,56.0,631.0,95.0,336.0
2148,109.0,117.0,149.0,198.0,291.0
2149,100.0,156.0,252.0,53.0,476.0
2150,137.0,170.0,134.0,111.0,179.0
2151,128.0,219.0,105.0,159.0,286.0
2152,82.0,29.0,176.0,175.0,132.0
2153,90.0,115.0,229.0,142.0,197.0
2154,234.0,147.0,153.0,195.0,498.0
2155,160.0,308.0,175.0,110.0,251.0
2156,48.0,139.0,120.0,166.0,122.0
2157,168.0,119.0,352.0,231.0,396.0
2158,234.0,148.0,267.0,205.0,309.0
2159,34.0,130.0,30.0,105.0,169.0
2160,163.0,103.0,29.0,123.0,171.0
2161,49.0,76.0,150.0,210.0,158.0
2162,454.0,93.0,162.0,202.0,224.0
2163,208.0,184.0,402.0,200.0,155.0
2164,317.0,193.0,325.0,297.0,291.0
2165,255.0,184.0,154.0,102.0,254.0
2166,223.0,120.0,97.0,81.0,183.0
2167,515.0,123.0,64.0,139.0,267.0
2168,118.0,76.0,463.0,196.0,193.0
2169,216.0,149.0,541.0,28.0,156.0
2170,170.0,201.0,299.0,178.0,163.0
2171,254.0,211.0,136.0,185.0,191.0
2172,110.0,206.0,102.0,158.0,373.0
2173,108.0,143.0,154.0,81.0,165.0
2174,162.0,156.0,423.0,108.0,94.0
2175,410.0,146.0,134.0,260.0,251.0
2176,272.0,344.0,118.0,140.0,137.0
2177,320.0,96.0,117.0,236.0,213.0
2178,97.0,88.0,128.0,152.0,354.0
2179,34.0,197.0,41.0,151.0,266.0
2180,36.0,59.0,155.0,142.0,837.0
2181,306.0,140.0,178.0,156.0,199.0
2182,403.0,189.0,233.0,170.0,185.0
2183,153.0,190.0,150.0,34.0,131.0
2184,166.0,40.0,331.0,226.0,99.0
2185,264.0,270.0,283.0,31.0,214.0
2186,195.0,220.0,237.0,175.0,206.0
2187,290.0,103.0,394.0,84.0,356.0
2188,306.0,105.0,230.0,176.0,49.0
2189,191.0,308.0,194.0,174.0,263.0
2190,258.0,70.0,122.0,230.0,255.0
2191,113.0,139.0,170.0,231.0,116.0
2192,381.0,196.0,157.0,73.0,265.0
2193,454.0,105.0,328.0,112.0,250.0
2194,152.0,34.0,134.0,173.0,465.0
2195,214.0,154.0,112.0,215.0,306.0
2196,142.0,146.0,176.0,170.0,85.0
2197,67.0,238.0,133.0,147.0,114.0
2198,513.0,60.0,171.0,71.0,195.0
2199,158.0,176.0,185.0,70.0,546.0
2200,130.0,153.0,265.0,54.0,101.0
2201,112.0,249.0,334.0,96.0,196.0
2202,81.0,72.0,143.0,170.0,176.0
2203,358.0,206.0,537.0,161.0,337.0
2204,291.0,165.0,74.0,107.0,146.0
2205,284.0,230.0,433.0,192.0,357.0
2206,247.0,160.0,230.0,155.0,129.0
2207,103.0,128.0,135.0,209.0,250.0
2208,165.0,39.0,216.0,164.0,390.0
2209,401.0,311.0,322.0,42.0,70.0
2210,177.0,220.0,190.0,163.0,104.0
2211,228.0,129.0,288.0,190.0,479.0
2212,215.0,219.0,211.0,159.0,55.0
2213,95.0,204.0,621.0,207.0,325.0
2214,307.0,124.0,181.0,163.0,362.0
2215,255.0,217.0,295.0,150.0,93.0
2216,268.0,151.0,277.0,125.0,388.0
2217,121.0,85.0,606.0,272.0,231.0
2218,417.0,124.0,251.0,255.0,129.0
2219,198.0,83.0,242.0,126.0,196.0
2220,236.0,118.0,344.0,331.0,156.0
2221,236.0,77.0,386.0,169.0,111.0
2222,167.0,315.0,257.0,212.0,208.0
2223,96.0,213.0,576.0,116.0,351.0
2224,227.0,206.0,148.0,209.0,89.0
2225,117.0,254.0,823.0,45.0,46.0
2226,62.0,155.0,235.0,202.0,120.0
2227,136.0,64.0,248.0,77.0,269.0
2228,31.0,307.0,109.0,131.0,221.0
2229,285.0,63.0,182.0,150.0,263.0
2230,272.0,216.0,244.0,356.0,170.0
2231,321.0,184.0,305.0,142.0,133.0
2232,608.0,304.0,31.0,123.0,151.0
2233,135.0,128.0,175.0,183.0,317.0
2234,137.0,239.0,129.0,291.0,635.0
2235,357.0,224.0,182.0,104.0,295.0
2236,251.0,188.0,319.0,150.0,210.0
2237,191.0,51.0,207.0,314.0,304.0
2238,115.0,127.0,199.0,148.0,215.0
2239,326.0,178.0,321.0,153.0,147.0
2240,85.0,230.0,254.0,47.0,386.0
2241,293.0,140.0,164.0,36.0,25.0
2242,343.0,250.0,159.0,120.0,557.0
2243,322.0,209.0,219.0,192.0,90.0
2244,288.0,354.0,282.0,161.0,124.0
2245,129.0,219.0,138.0,48.0,273.0
2246,37.0,229.0,245.0,110.0,397.0
2247,303.0,124.0,182.0,175.0,147.0
2248,217.0,99.0,39.0,111.0,95.0
2249,272.0,179.0,146.0,103.0,432.0
2250,131.0,222.0,136.0,201.0,250.0
2251,213.0,271.0,131.0,24.0,188.0
2252,143.0,195.0,297.0,152.0,169.0
2253,227.0,39.0,355.0,282.0,99.0
2254,241.0,113.0,220.0,187.0,345.0
2255,198.0,299.0,140.0,161.0,161.0
2256,205.0,131.0,253.0,120.0,200.0
2257,162.0,143.0,217.0,348.0,175.0
2258,184.0,462.0,246.0,205.0,143.0
2259,193.0,148.0,174.0,176.0,344.0
2260,114.0,67.0,215.0,267.0,169.0
2261,144.0,280.0,222.0,216.0,300.0
2262,144.0,197.0,211.0,159.0,150.0
2263,141.0,261.0,131.0,120.0,253.0
2264,41.0,103.0,39.0,190.0,114.0
2265,164.0,204.0,176.0,174.0,284.0
2266,260.0,182.0,109.0,272.0,251.0
2267,192.0,117.0,288.0,160.0,399.0
2268,195.0,239.0,314.0,126.0,116.0
2269,180.0,42.0,333.0,219.0,311.0
2270,193.0,283.0,332.0,207.0,200.0
2271,342.0,384.0,173.0,217.0,262.0
2272,209.0,320.0,273.0,269.0,227.0
2273,179.0,182.0,409.0,370.0,240.0
2274,255.0,225.0,423.0,259.0,353.0
2275,286.0,187.0,311.0,178.0,193.0
2276,125.0,221.0,107.0,134.0,164.0
2277,70.0,199.0,144.0,68.0,374.0
2278,176.0,216.0,310.0,137.0,505.0
2279,275.0,169.0,134.0,225.0,291.0
2280,368.0,98.0,125.0,171.0,242.0
2281,202.0,217.0,137.0,290.0,212.0
2282,105.0,131.0,228.0,204.0,261.0
2283,265.0,270.0,319.0,174.0,159.0
2284,227.0,186.0,160.0,230.0,256.0
2285,112.0,159.0,359.0,457.0,530.0
2286,461.0,214.0,112.0,117.0,245.0
2287,202.0,115.0,141.0,86.0,138.0
2288,217.0,166.0,131.0,186.0,193.0
2289,128.0,269.0,177.0,132.0,216.0
2290,170.0,235.0,373.0,110.0,358.0
2291,304.0,140.0,25.0,169.0,91.0
2292,106.0,169.0,215.0,213.0,257.0
2293,283.0,135.0,110.0,200.0,339.0
2294,148.0,200.0,60.0,182.0,122.0
2295,277.0,130.0,252.0,241.0,180.0
2296,199.0,256.0,206.0,223.0,258.0
2297,313.0,262.0,371.0,179.0,160.0
2298,325.0,192.0,103.0,142.0,224.0
2299,224.0,299.0,285.0,251.0,253.0
2300,45.0,266.0,229.0,181.0,173.0
2301,283.0,212.0,148.0,260.0,77.0
2302,195.0,169.0,142.0,282.0,179.0
2303,250.0,417.0,213.0,297.0,216.0
2304,248.0,236.0,153.0,131.0,243.0
2305,418.0,50.0,443.0,163.0,212.0
2306,98.0,225.0,124.0,174.0,147.0
2307,146.0,118.0,333.0,279.0,259.0
2308,100.0,157.0,135.0,149.0,258.0
2309,59.0,58.0,337.0,124.0,126.0
2310,164.0,161.0,92.0,180.0,514.0
2311,164.0,210.0,66.0,192.0,256.0
2312,284.0,251.0,288.0,171.0,227.0
2313,151.0,131.0,145.0,512.0,223.0
2314,192.0,174.0,149.0,149.0,254.0
2315,220.0,197.0,70.0,173.0,208.0
2316,174.0,145.0,370.0,137.0,178.0
2317,272.0,170.0,146.0,158.0,152.0
2318,32.0,283.0,291.0,206.0,108.0
2319,167.0,260.0,233.0,152.0,162.0
2320,285.0,311.0,56.0,188.0,276.0
2321,55.0,213.0,142.0,178.0,240.0
2322,301.0,274.0,146.0,226.0,210.0
2323,327.0,498.0,415.0,125.0,404.0
2324,181.0,214.0,218.0,182.0,224.0
2325,51.0,203.0,104.0,162.0,174.0
2326,370.0,216.0,119.0,377.0,203.0
2327,57.0,68.0,168.0,159.0,130.0
2328,275.0,202.0,125.0,190.0,119.0
2329,268.0,348.0,132.0,115.0,289.0
2330,274.0,333.0,173.0,253.0,310.0
2331,153.0,218.0,160.0,109.0,143.0
2332,209.0,331.0,120.0,345.0,204.0
2333,162.0,107.0,186.0,275.0,211.0
2334,234.0,153.0,291.0,301.0,314.0
2335,241.0,164.0,133.0,332.0,296.0
2336,151.0,158.0,329.0,188.0,149.0
2337,177.0,89.0,123.0,267.0,280.0
2338,238.0,184.0,76.0,233.0,188.0
2339,253.0,91.0,142.0,116.0,99.0
2340,540.0,301.0,145.0,67.0,380.0
2341,125.0,277.0,162.0,169.0,206.0
2342,86.0,121.0,112.0,256.0,271.0
2343,145.0,598.0,419.0,272.0,199.0
2344,144.0,300.0,126.0,96.0,335.0
2345,213.0,257.0,276.0,137.0,238.0
2346,106.0,398.0,113.0,156.0,216.0
2347,113.0,19.0,258.0,113.0,201.0
2348,202.0,168.0,100.0,23.0,284.0
2349,235.0,329.0,54.0,342.0,320.0
2350,169.0,264.0,281.0,251.0,221.0
2351,36.0,39.0,157.0,195.0,253.0
2352,370.0,204.0,240.0,153.0,389.0
2353,221.0,307.0,97.0,131.0,307.0
2354,151.0,344.0,240.0,353.0,215.0
2355,175.0,149.0,103.0,73.0,172.0
2356,29.0,211.0,189.0,114.0,408.0
2357,252.0,219.0,396.0,42.0,157.0
2358,398.0,215.0,348.0,193.0,134.0
2359,330.0,122.0,155.0,346.0,159.0
2360,92.0,140.0,155.0,118.0,212.0
2361,236.0,164.0,337.0,187.0,137.0
2362,287.0,87.0,285.0,156.0,191.0
2363,111.0,226.0,70.0,196.0,136.0
2364,235.0,196.0,274.0,195.0,39.0
2365,207.0,185.0,219.0,212.0,182.0
2366,302.0,241.0,278.0,162.0,96.0
2367,97.0,190.0,187.0,242.0,248.0
2368,191.0,433.0,213.0,158.0,175.0
2369,255.0,229.0,190.0,245.0,217.0
2370,169.0,341.0,271.0,128.0,261.0
2371,122.0,181.0,180.0,30.0,324.0
2372,187.0,168.0,160.0,165.0,120.0
2373,113.0,161.0,122.0,167.0,138.0
2374,221.0,234.0,153.0,223.0,124.0
2375,59.0,120.0,56.0,133.0,69.0
2376,140.0,291.0,114.0,197.0,189.0
2377,218.0,295.0,436.0,130.0,355.0
2378,409.0,229.0,271.0,103.0,352.0
2379,426.0,324.0,168.0,137.0,630.0
2380,117.0,80.0,162.0,33.0,185.0
2381,172.0,213.0,157.0,35.0,162.0
2382,247.0,146.0,237.0,306.0,275.0
2383,326.0,339.0,152.0,397.0,159.0
2384,201.0,265.0,187.0,225.0,154.0
2385,243.0,164.0,100.0,134.0,162.0
2386,131.0,185.0,128.0,134.0,155.0
2387,204.0,153.0,250.0,231.0,131.0
2388,21.0,282.0,228.0,94.0,91.0
2389,180.0,430.0,319.0,124.0,604.0
2390,262.0,384.0,319.0,398.0,282.0
2391,146.0,115.0,468.0,121.0,119.0
2392,238.0,177.0,67.0,134.0,211.0
2393,154.0,28.0,471.0,234.0,133.0
2394,222.0,321.0,253.0,185.0,234.0
2395,328.0,31.0,212.0,267.0,169.0
2396,218.0,286.0,244.0,166.0,280.0
2397,191.0,302.0,434.0,240.0,159.0
2398,206.0,244.0,293.0,50.0,151.0
2399,214.0,214.0,438.0,220.0,298.0
2400,280.0,375.0,127.0,375.0,123.0
2401,105.0,152.0,251.0,173.0,193.0
2402,112.0,302.0,499.0,155.0,219.0
2403,170.0,372.0,141.0,161.0,151.0
2404,146.0,377.0,282.0,382.0,242.0
2405,148.0,163.0,397.0,31.0,43.0
2406,395.0,70.0,122.0,214.0,222.0
2407,282.0,222.0,260.0,145.0,711.0
2408,182.0,186.0,516.0,181.0,296.0
2409,303.0,135.0,449.0,123.0,119.0
2410,165.0,208.0,202.0,232.0,64.0
2411,121.0,347.0,340.0,131.0,215.0
2412,340.0,222.0,361.0,71.0,168.0
2413,297.0,183.0,253.0,36.0,130.0
2414,146.0,163.0,231.0,125.0,193.0
2415,234.0,192.0,177.0,116.0,60.0
2416,348.0,380.0,139.0,22.0,158.0
2417,98.0,399.0,195.0,206.0,169.0
2418,131.0,202.0,257.0,127.0,130.0
2419,238.0,235.0,116.0,193.0,103.0
2420,173.0,331.0,220.0,261.0,170.0
2421,183.0,192.0,350.0,147.0,171.0
2422,306.0,276.0,361.0,48.0,164.0
2423,340.0,312.0,294.0,200.0,50.0
2424,250.0,247.0,569.0,117.0,205.0
2425,208.0,194.0,143.0,126.0,167.0
2426,212.0,275.0,276.0,171.0,107.0
2427,407.0,196.0,190.0,148.0,229.0
2428,188.0,79.0,193.0,23.0,205.0
2429,160.0,265.0,222.0,62.0,146.0
2430,347.0,187.0,300.0,145.0,147.0
2431,166.0,205.0,163.0,180.0,233.0
2432,41.0,332.0,140.0,123.0,168.0
2433,167.0,243.0,408.0,96.0,265.0
2434,215.0,300.0,196.0,84.0,136.0
2435,269.0,131.0,310.0,137.0,164.0
2436,180.0,250.0,402.0,152.0,188.0
2437,477.0,214.0,246.0,106.0,128.0
2438,292.0,77.0,281.0,143.0,266.0
2439,49.0,555.0,172.0,174.0,127.0
2440,339.0,178.0,320.0,218.0,564.0
2441,89.0,261.0,363.0,121.0,231.0
2442,226.0,334.0,108.0,125.0,411.0
2443,230.0,223.0,328.0,230.0,431.0
2444,332.0,224.0,224.0,132.0,100.0
2445,181.0,199.0,144.0,47.0,131.0
2446,193.0,194.0,242.0,163.0,131.0
2447,338.0,156.0,157.0,177.0,170.0
2448,282.0,400.0,138.0,137.0,133.0
2449,339.0,92.0,238.0,338.0,175.0
2450,172.0,478.0,302.0,182.0,220.0
2451,322.0,171.0,225.0,183.0,167.0
2452,214.0,242.0,249.0,148.0,192.0
2453,227.0,376.0,300.0,280.0,230.0
2454,352.0,580.0,26.0,127.0,185.0
2455,157.0,288.0,135.0,187.0,328.0
2456,519.0,208.0,193.0,125.0,158.0
2457,162.0,124.0,163.0,135.0,198.0
2458,322.0,181.0,194.0,124.0,119.0
2459,152.0,249.0,158.0,157.0,104.0
2460,185.0,129.0,178.0,132.0,250.0
2461,99.0,123.0,258.0,25.0,87.0
2462,288.0,303.0,193.0,188.0,307.0
2463,501.0,74.0,197.0,211.0,52.0
2464,333.0,98.0,331.0,165.0,277.0
2465,212.0,166.0,89.0,125.0,773.0
2466,457.0,257.0,101.0,214.0,115.0
2467,279.0,157.0,189.0,83.0,267.0
2468,445.0,131.0,613.0,109.0,156.0
2469,234.0,136.0,181.0,237.0,279.0
2470,443.0,339.0,36.0,102.0,126.0
2471,363.0,140.0,238.0,349.0,195.0
2472,214.0,405.0,241.0,197.0,161.0
2473,502.0,387.0,234.0,374.0,80.0
2474,266.0,36.0,211.0,111.0,242.0
2475,78.0,325.0,151.0,46.0,170.0
2476,159.0,328.0,294.0,40.0,118.0
2477,133.0,117.0,109.0,66.0,219.0
2478,310.0,50.0,142.0,97.0,141.0
2479,69.0,393.0,167.0,189.0,196.0
2480,392.0,320.0,312.0,85.0,135.0
2481,191.0,154.0,512.0,156.0,149.0
2482,320.0,215.0,46.0,304.0,238.0
2483,19.0,83.0,231.0,361.0,218.0
2484,109.0,174.0,157.0,46.0,104.0
2485,391.0,112.0,167.0,166.0,176.0
2486,247.0,319.0,280.0,226.0,130.0
2487,119.0,427.0,401.0,173.0,338.0
2488,86.0,258.0,202.0,152.0,168.0
2489,214.0,311.0,111.0,92.0,232.0
2490,199.0,88.0,152.0,248.0,135.0
2491,264.0,186.0,193.0,82.0,107.0
2492,223.0,82.0,109.0,133.0,340.0
2493,254.0,218.0,188.0,99.0,163.0
2494,214.0,62.0,124.0,159.0,273.0
2495,572.0,242.0,118.0,191.0,252.0
2496,140.0,347.0,142.0,49.0,124.0
2497,123.0,280.0,223.0,223.0,211.0
2498,208.0,365.0,107.0,183.0,248.0
2499,452.0,143.0,187.0,140.0,186.0
2500,198.0,186.0,141.0,155.0,381.0
2501,391.0,148.0,185.0,328.0,247.0
2502,175.0,133.0,221.0,183.0,120.0
2503,241.0,186.0,133.0,116.0,167.0
2504,120.0,255.0,190.0,188.0,603.0
2505,29.0,273.0,226.0,133.0,308.0
2506,523.0,286.0,117.0,164.0,326.0
2507,118.0,147.0,142.0,98.0,149.0
2508,98.0,66.0,158.0,110.0,173.0
2509,173.0,222.0,221.0,27.0,677.0
2510,127.0,270.0,133.0,135.0,164.0
2511,296.0,272.0,158.0,54.0,187.0
2512,102.0,106.0,185.0,135.0,241.0
2513,167.0,192.0,394.0,200.0,200.0
2514,113.0,142.0,192.0,140.0,139.0
2515,218.0,69.0,182.0,88.0,269.0
2516,201.0,99.0,105.0,145.0,187.0
2517,217.0,107.0,139.0,127.0,162.0
2518,203.0,322.0,475.0,240.0,315.0
2519,548.0,108.0,136.0,68.0,398.0
2520,177.0,181.0,230.0,115.0,228.0
2521,148.0,146.0,133.0,17.0,181.0
2522,338.0,309.0,160.0,166.0,451.0
2523,94.0,162.0,418.0,163.0,510.0
2524,334.0,416.0,166.0,197.0,130.0
2525,218.0,60.0,982.0,131.0,337.0
2526,185.0,229.0,187.0,110.0,107.0
2527,351.0,188.0,354.0,32.0,312.0
2528,121.0,257.0,192.0,125.0,414.0
2529,95.0,246.0,80.0,119.0,188.0
2530,112.0,287.0,128.0,89.0,137.0
2531,323.0,362.0,373.0,146.0,167.0
2532,277.0,149.0,136.0,265.0,294.0
2533,89.0,146.0,132.0,140.0,478.0
2534,497.0,260.0,231.0,164.0,219.0
2535,193.0,105.0,268.0,174.0,153.0
2536,233.0,197.0,221.0,88.0,230.0
2537,175.0,169.0,260.0,246.0,160.0
2538,201.0,123.0,163.0,222.0,501.0
2539,103.0,316.0,400.0,157.0,155.0
2540,153.0,149.0,130.0,121.0,133.0
2541,271.0,130.0,225.0,173.0,273.0
2542,309.0,109.0,496.0,138.0,124.0
2543,118.0,246.0,201.0,48.0,204.0
2544,249.0,249.0,274.0,329.0,380.0
2545,230.0,129.0,273.0,120.0,447.0
2546,106.0,312.0,351.0,222.0,310.0
2547,238.0,275.0,150.0,208.0,133.0
2548,122.0,303.0,145.0,202.0,246.0
2549,219.0,252.0,150.0,288.0,142.0
2550,282.0,338.0,94.0,212.0,192.0
2551,156.0,212.0,359.0,74.0,215.0
2552,193.0,270.0,163.0,139.0,418.0
2553,107.0,15.0,117.0,38.0,316.0
2554,110.0,325.0,273.0,170.0,527.0
2555,145.0,189.0,219.0,184.0,180.0
2556,293.0,148.0,130.0,147.0,231.0
2557,176.0,154.0,195.0,148.0,238.0
2558,314.0,259.0,188.0,208.0,116.0
2559,174.0,28.0,216.0,124.0,306.0
2560,241.0,123.0,139.0,160.0,431.0
2561,430.0,132.0,164.0,168.0,312.0
2562,137.0,234.0,112.0,163.0,588.0
2563,250.0,455.0,206.0,135.0,132.0
2564,261.0,305.0,121.0,88.0,196.0
2565,181.0,269.0,63.0,181.0,111.0
2566,271.0,34.0,217.0,213.0,108.0
2567,334.0,245.0,253.0,160.0,199.0
2568,225.0,421.0,148.0,173.0,192.0
2569,148.0,280.0,114.0,364.0,412.0
2570,80.0,337.0,187.0,129.0,211.0
2571,422.0,320.0,458.0,170.0,418.0
2572,179.0,159.0,104.0,115.0,393.0
2573,308.0,225.0,115.0,219.0,228.0
2574,195.0,133.0,217.0,155.0,84.0
2575,182.0,154.0,134.0,122.0,263.0
2576,121.0,231.0,193.0,232.0,157.0
2577,227.0,115.0,374.0,157.0,290.0
2578,339.0,308.0,226.0,502.0,173.0
2579,257.0,289.0,54.0,238.0,307.0
2580,190.0,340.0,222.0,308.0,124.0
2581,205.0,78.0,125.0,170.0,179.0
2582,134.0,89.0,134.0,85.0,221.0
2583,263.0,462.0,180.0,123.0,137.0
2584,348.0,268.0,215.0,223.0,263.0
2585,247.0,247.0,151.0,164.0,161.0
2586,135.0,229.0,140.0,215.0,177.0
2587,410.0,310.0,120.0,160.0,310.0
2588,300.0,215.0,154.0,186.0,393.0
2589,221.0,265.0,162.0,48.0,154.0
2590,201.0,173.0,211.0,200.0,111.0
2591,237.0,305.0,181.0,168.0,151.0
2592,238.0,414.0,279.0,99.0,96.0
2593,365.0,544.0,313.0,225.0,217.0
2594,242.0,327.0,69.0,371.0,286.0
2595,106.0,61.0,207.0,204.0,400.0
2596,154.0,21.0,118.0,154.0,352.0
2597,113.0,98.0,154.0,106.0,122.0
2598,294.0,721.0,144.0,247.0,315.0
2599,164.0,209.0,198.0,117.0,152.0
2600,176.0,254.0,182.0,279.0,236.0
2601,240.0,67.0,102.0,91.0,143.0
2602,147.0,234.0,186.0,186.0,302.0
2603,250.0,183.0,217.0,115.0,332.0
2604,210.0,142.0,127.0,126.0,232.0
2605,325.0,515.0,28.0,256.0,272.0
2606,234.0,125.0,156.0,35.0,223.0
2607,174.0,178.0,203.0,117.0,166.0
2608,183.0,158.0,220.0,158.0,226.0
2609,104.0,401.0,203.0,196.0,168.0
2610,322.0,286.0,134.0,125.0,91.0
2611,154.0,250.0,140.0,194.0,207.0
2612,204.0,170.0,193.0,86.0,150.0
2613,225.0,464.0,105.0,232.0,101.0
2614,312.0,150.0,223.0,110.0,190.0
2615,111.0,371.0,122.0,47.0,107.0
2616,234.0,202.0,174.0,165.0,226.0
2617,300.0,385.0,206.0,220.0,223.0
2618,215.0,246.0,153.0,200.0,135.0
2619,41.0,208.0,255.0,94.0,320.0
2620,120.0,71.0,78.0,262.0,222.0
2621,560.0,102.0,164.0,81.0,180.0
2622,143.0,50.0,311.0,165.0,188.0
2623,183.0,174.0,161.0,202.0,225.0
2624,226.0,264.0,271.0,63.0,148.0
2625,349.0,231.0,443.0,77.0,234.0
2626,134.0,152.0,78.0,148.0,145.0
2627,360.0,78.0,126.0,479.0,124.0
2628,295.0,200.0,249.0,172.0,331.0
2629,221.0,189.0,146.0,227.0,171.0
2630,236.0,197.0,150.0,161.0,231.0
2631,87.0,191.0,142.0,255.0,129.0
2632,204.0,137.0,123.0,145.0,161.0
2633,50.0,278.0,207.0,29.0,209.0
2634,356.0,346.0,126.0,188.0,368.0
2635,243.0,199.0,177.0,220.0,417.0
2636,212.0,327.0,136.0,61.0,408.0
2637,335.0,107.0,332.0,55.0,168.0
2638,107.0,163.0,127.0,438.0,74.0
2639,264.0,152.0,326.0,91.0,257.0
2640,182.0,49.0,151.0,382.0,238.0
2641,194.0,227.0,170.0,242.0,188.0
2642,124.0,217.0,184.0,290.0,180.0
2643,143.0,218.0,159.0,172.0,132.0
2644,188.0,100.0,117.0,141.0,163.0
2645,341.0,337.0,121.0,157.0,210.0
2646,184.0,155.0,196.0,169.0,130.0
2647,234.0,299.0,162.0,110.0,206.0
2648,107.0,333.0,268.0,408.0,315.0
2649,287.0,271.0,252.0,161.0,170.0
2650,151.0,231.0,123.0,130.0,155.0
2651,178.0,191.0,63.0,153.0,93.0
2652,60.0,144.0,269.0,145.0,368.0
2653,190.0,299.0,154.0,249.0,121.0
2654,176.0,201.0,154.0,176.0,324.0
2655,125.0,217.0,168.0,221.0,211.0
2656,273.0,275.0,215.0,134.0,104.0
2657,368.0,133.0,193.0,275.0,238.0
2658,109.0,252.0,230.0,119.0,226.0
2659,173.0,139.0,376.0,58.0,108.0
2660,130.0,477.0,114.0,87.0,237.0
2661,283.0,124.0,117.0,300.0,123.0
2662,250.0,252.0,261.0,30.0,367.0
2663,315.0,241.0,115.0,153.0,299.0
2664,202.0,234.0,140.0,203.0,191.0
2665,315.0,197.0,205.0,202.0,120.0
2666,157.0,159.0,158.0,226.0,221.0
2667,344.0,157.0,352.0,131.0,174.0
2668,163.0,270.0,121.0,154.0,24.0
2669,223.0,215.0,128.0,276.0,266.0
2670,148.0,111.0,125.0,148.0,142.0
2671,262.0,106.0,172.0,133.0,38.0
2672,153.0,166.0,233.0,135.0,275.0
2673,445.0,118.0,141.0,389.0,212.0
2674,253.0,767.0,157.0,191.0,261.0
2675,191.0,208.0,201.0,167.0,45.0
2676,436.0,91.0,380.0,354.0,140.0
2677,196.0,205.0,151.0,64.0,299.0
2678,60.0,419.0,208.0,126.0,140.0
2679,514.0,307.0,106.0,109.0,201.0
2680,167.0,178.0,111.0,161.0,210.0
2681,330.0,180.0,222.0,123.0,239.0
2682,35.0,169.0,170.0,141.0,283.0
2683,394.0,259.0,157.0,287.0,389.0
2684,188.0,217.0,142.0,22.0,188.0
2685,196.0,279.0,118.0,93.0,274.0
2686,269.0,160.0,134.0,181.0,170.0
2687,170.0,140.0,161.0,304.0,275.0
2688,197.0,328.0,178.0,168.0,274.0
2689,150.0,172.0,559.0,163.0,210.0
2690,113.0,368.0,129.0,155.0,277.0
2691,262.0,493.0,321.0,118.0,208.0
2692,191.0,178.0,258.0,117.0,176.0
2693,132.0,224.0,117.0,26.0,202.0
2694,257.0,197.0,269.0,108.0,128.0
2695,366.0,260.0,318.0,68.0,167.0
2696,484.0,310.0,283.0,62.0,443.0
2697,250.0,319.0,192.0,136.0,126.0
2698,223.0,186.0,221.0,152.0,245.0
2699,215.0,238.0,162.0,167.0,212.0
2700,360.0,40.0,163.0,216.0,171.0
2701,381.0,205.0,156.0,142.0,341.0
2702,197.0,215.0,224.0,254.0,253.0
2703,243.0,114.0,118.0,236.0,261.0
2704,374.0,247.0,103.0,100.0,182.0
2705,296.0,351.0,231.0,111.0,189.0
2706,136.0,147.0,228.0,129.0,141.0
2707,344.0,156.0,219.0,150.0,94.0
2708,343.0,218.0,133.0,34.0,206.0
2709,126.0,96.0,116.0,132.0,238.0
2710,178.0,194.0,153.0,162.0,110.0
2711,205.0,318.0,152.0,220.0,196.0
2712,230.0,193.0,223.0,131.0,224.0
2713,68.0,130.0,338.0,142.0,250.0
2714,387.0,222.0,376.0,132.0,159.0
2715,76.0,247.0,164.0,140.0,192.0
2716,227.0,311.0,172.0,205.0,188.0
2717,322.0,91.0,111.0,156.0,146.0
2718,543.0,96.0,138.0,137.0,266.0
2719,243.0,147.0,222.0,142.0,200.0
2720,300.0,145.0,163.0,148.0,155.0
2721,263.0,42.0,363.0,121.0,176.0
2722,248.0,223.0,259.0,158.0,32.0
2723,283.0,284.0,241.0,137.0,108.0
2724,138.0,432.0,361.0,119.0,140.0
2725,228.0,248.0,110.0,142.0,301.0
2726,191.0,176.0,106.0,128.0,119.0
2727,199.0,194.0,307.0,115.0,116.0
2728,257.0,370.0,310.0,236.0,115.0
2729,365.0,272.0,301.0,237.0,154.0
2730,171.0,255.0,345.0,50.0,143.0
2731,25.0,157.0,344.0,168.0,199.0
2732,259.0,368.0,156.0,332.0,31.0
2733,797.0,531.0,237.0,123.0,66.0
2734,167.0,99.0,332.0,185.0,76.0
2735,225.0,152.0,269.0,144.0,125.0
2736,237.0,288.0,256.0,361.0,205.0
2737,172.0,173.0,244.0,157.0,263.0
2738,234.0,156.0,93.0,187.0,143.0
2739,290.0,146.0,138.0,261.0,198.0
2740,81.0,191.0,314.0,152.0,301.0
2741,242.0,197.0,195.0,135.0,203.0
2742,101.0,192.0,136.0,77.0,139.0
2743,261.0,119.0,224.0,128.0,154.0
2744,180.0,223.0,255.0,305.0,95.0
2745,140.0,265.0,378.0,142.0,128.0
2746,133.0,545.0,152.0,102.0,106.0
2747,147.0,373.0,142.0,115.0,212.0
2748,242.0,218.0,118.0,77.0,287.0
2749,390.0,298.0,372.0,142.0,212.0
2750,193.0,193.0,184.0,195.0,103.0
2751,474.0,433.0,136.0,196.0,157.0
2752,469.0,259.0,166.0,360.0,136.0
2753,202.0,147.0,87.0,149.0,171.0
2754,146.0,273.0,573.0,495.0,141.0
2755,39.0,262.0,325.0,106.0,21.0
2756,284.0,240.0,547.0,492.0,136.0
2757,191.0,133.0,159.0,172.0,193.0
2758,106.0,239.0,248.0,38.0,183.0
2759,221.0,117.0,287.0,136.0,167.0
2760,427.0,227.0,170.0,204.0,149.0
2761,115.0,237.0,265.0,129.0,250.0
2762,142.0,108.0,401.0,236.0,185.0
2763,161.0,36.0,515.0,169.0,54.0
2764,118.0,372.0,290.0,203.0,306.0
2765,144.0,275.0,184.0,175.0,195.0
2766,145.0,365.0,149.0,102.0,171.0
2767,287.0,266.0,177.0,171.0,148.0
2768,228.0,235.0,85.0,86.0,134.0
2769,105.0,279.0,364.0,131.0,177.0
2770,150.0,216.0,113.0,273.0,26.0
2771,181.0,126.0,22.0,164.0,190.0
2772,155.0,363.0,358.0,138.0,151.0
2773,113.0,209.0,366.0,157.0,147.0
2774,198.0,207.0,283.0,328.0,51.0
2775,156.0,386.0,348.0,212.0,227.0
2776,126.0,449.0,221.0,243.0,183.0
2777,173.0,414.0,447.0,37.0,96.0
2778,198.0,219.0,290.0,408.0,158.0
2779,141.0,307.0,285.0,224.0,146.0
2780,210.0,676.0,70.0,208.0,136.0
2781,295.0,159.0,145.0,150.0,166.0
2782,192.0,222.0,390.0,135.0,201.0
2783,117.0,132.0,232.0,203.0,111.0
2784,240.0,237.0,358.0,130.0,179.0
2785,218.0,529.0,348.0,30.0,166.0
2786,76.0,211.0,358.0,101.0,58.0
2787,184.0,244.0,274.0,125.0,211.0
2788,24.0,265.0,311.0,204.0,219.0
2789,198.0,337.0,185.0,123.0,105.0
2790,210.0,569.0,446.0,182.0,131.0
2791,130.0,253.0,429.0,188.0,49.0
2792,235.0,308.0,154.0,158.0,195.0
2793,235.0,947.0,253.0,122.0,192.0
2794,196.0,373.0,56.0,120.0,187.0
2795,176.0,343.0,349.0,225.0,137.0
2796,221.0,282.0,306.0,176.0,161.0
2797,178.0,238.0,141.0,84.0,134.0
2798,248.0,599.0,178.0,201.0,190.0
2799,138.0,286.0,141.0,192.0,159.0
2800,141.0,252.0,119.0,211.0,147.0
2801,111.0,201.0,327.0,218.0,159.0
2802,125.0,132.0,143.0,24.0,149.0
2803,103.0,429.0,178.0,129.0,159.0
2804,117.0,329.0,277.0,152.0,84.0
2805,159.0,336.0,303.0,132.0,120.0
2806,198.0,236.0,915.0,176.0,128.0
2807,132.0,362.0,487.0,43.0,187.0
2808,240.0,399.0,639.0,194.0,200.0
2809,51.0,259.0,196.0,196.0,116.0
2810,182.0,203.0,318.0,144.0,182.0
2811,184.0,232.0,156.0,80.0,179.0
2812,246.0,329.0,43.0,171.0,289.0
2813,160.0,310.0,286.0,231.0,100.0
2814,143.0,324.0,126.0,251.0,176.0
2815,106.0,183.0,213.0,231.0,257.0
2816,167.0,146.0,372.0,57.0,166.0
2817,61.0,249.0,286.0,168.0,167.0
2818,139.0,638.0,154.0,115.0,70.0
2819,238.0,173.0,355.0,136.0,173.0
2820,142.0,333.0,288.0,233.0,436.0
2821,225.0,87.0,757.0,352.0,189.0
2822,113.0,160.0,163.0,253.0,239.0
2823,113.0,146.0,205.0,68.0,207.0
2824,127.0,272.0,223.0,335.0,63.0
2825,151.0,262.0,288.0,52.0,67.0
2826,174.0,152.0,131.0,177.0,386.0
2827,99.0,184.0,162.0,44.0,162.0
2828,146.0,179.0,132.0,115.0,123.0
2829,80.0,210.0,188.0,193.0,190.0
2830,245.0,176.0,219.0,26.0,120.0
2831,217.0,217.0,144.0,156.0,149.0
2832,245.0,345.0,124.0,167.0,230.0
2833,60.0,285.0,313.0,146.0,297.0
2834,154.0,280.0,122.0,282.0,130.0
2835,79.0,291.0,289.0,104.0,147.0
2836,99.0,137.0,235.0,123.0,51.0
2837,119.0,138.0,94.0,205.0,271.0
2838,32.0,207.0,295.0,181.0,220.0
2839,106.0,321.0,204.0,151.0,236.0
2840,156.0,275.0,317.0,138.0,218.0
2841,179.0,146.0,337.0,159.0,137.0
2842,51.0,218.0,29.0,99.0,191.0
2843,274.0,317.0,315.0,28.0,127.0
2844,148.0,293.0,497.0,137.0,145.0
2845,184.0,276.0,450.0,163.0,140.0
2846,140.0,470.0,149.0,142.0,134.0
2847,211.0,246.0,232.0,166.0,439.0
2848,310.0,256.0,272.0,111.0,114.0
2849,239.0,216.0,286.0,247.0,118.0
2850,184.0,125.0,125.0,305.0,34.0
2851,354.0,125.0,53.0,31.0,209.0
2852,105.0,169.0,355.0,117.0,142.0
2853,127.0,230.0,324.0,226.0,49.0
2854,112.0,242.0,710.0,159.0,75.0
2855,174.0,618.0,301.0,159.0,192.0
2856,459.0,268.0,376.0,114.0,230.0
2857,234.0,93.0,290.0,147.0,224.0
2858,199.0,302.0,214.0,183.0,147.0
2859,207.0,411.0,234.0,114.0,131.0
2860,324.0,143.0,224.0,131.0,262.0
2861,190.0,137.0,201.0,181.0,204.0
2862,149.0,128.0,293.0,366.0,131.0
2863,152.0,172.0,309.0,152.0,189.0
2864,253.0,189.0,146.0,140.0,199.0
2865,118.0,148.0,193.0,191.0,191.0
2866,77.0,271.0,291.0,139.0,202.0
2867,230.0,316.0,510.0,397.0,182.0
2868,134.0,255.0,272.0,212.0,165.0
2869,161.0,740.0,200.0,15.0,79.0
2870,31.0,469.0,151.0,208.0,190.0
2871,142.0,235.0,324.0,153.0,174.0
2872,206.0,411.0,478.0,181.0,157.0
2873,204.0,387.0,517.0,179.0,222.0
2874,173.0,215.0,455.0,175.0,238.0
2875,301.0,140.0,176.0,226.0,131.0
2876,153.0,298.0,433.0,244.0,158.0
2877,281.0,237.0,394.0,27.0,213.0
2878,231.0,301.0,149.0,197.0,175.0
2879,205.0,40.0,363.0,109.0,91.0
2880,267.0,327.0,249.0,116.0,145.0
2881,281.0,71.0,112.0,247.0,118.0
2882,252.0,356.0,211.0,154.0,179.0
2883,124.0,205.0,276.0,178.0,233.0
2884,252.0,270.0,148.0,172.0,153.0
2885,319.0,230.0,351.0,188.0,146.0
2886,223.0,169.0,635.0,105.0,152.0
2887,209.0,190.0,374.0,362.0,514.0
2888,203.0,259.0,586.0,144.0,180.0
2889,180.0,369.0,135.0,86.0,145.0
2890,490.0,131.0,172.0,129.0,161.0
2891,326.0,283.0,189.0,164.0,205.0
2892,198.0,219.0,307.0,118.0,136.0
2893,482.0,393.0,236.0,44.0,132.0
2894,273.0,166.0,424.0,124.0,298.0
2895,173.0,104.0,571.0,168.0,197.0
2896,311.0,419.0,910.0,191.0,289.0
2897,157.0,219.0,84.0,67.0,149.0
2898,288.0,232.0,169.0,122.0,198.0
2899,314.0,114.0,610.0,59.0,188.0
2900,371.0,385.0,176.0,224.0,169.0
2901,182.0,185.0,912.0,204.0,150.0
2902,241.0,294.0,296.0,236.0,287.0
2903,316.0,130.0,264.0,135.0,180.0
2904,207.0,161.0,256.0,219.0,279.0
2905,623.0,364.0,365.0,155.0,335.0
2906,156.0,269.0,130.0,47.0,180.0
2907,175.0,88.0,151.0,243.0,211.0
2908,145.0,178.0,344.0,199.0,160.0
2909,216.0,225.0,91.0,56.0,178.0
2910,47.0,314.0,283.0,37.0,237.0
2911,41.0,201.0,63.0,113.0,248.0
2912,169.0,526.0,295.0,144.0,174.0
2913,253.0,269.0,483.0,43.0,130.0
2914,347.0,564.0,203.0,118.0,194.0
2915,120.0,335.0,449.0,63.0,196.0
2916,260.0,109.0,148.0,135.0,232.0
2917,44.0,449.0,789.0,120.0,172.0
2918,189.0,300.0,613.0,178.0,159.0
2919,272.0,220.0,400.0,134.0,145.0
2920,38.0,234.0,265.0,69.0,111.0
2921,546.0,268.0,158.0,133.0,247.0
2922,218.0,209.0,202.0,213.0,229.0
2923,401.0,134.0,466.0,33.0,137.0
2924,115.0,117.0,850.0,200.0,149.0
2925,264.0,318.0,230.0,207.0,122.0
2926,139.0,220.0,76.0,27.0,229.0
2927,198.0,388.0,462.0,131.0,185.0
2928,216.0,311.0,154.0,157.0,221.0
2929,207.0,304.0,178.0,106.0,156.0
2930,283.0,159.0,692.0,207.0,152.0
2931,234.0,131.0,284.0,255.0,169.0
2932,250.0,84.0,227.0,123.0,79.0
2933,285.0,160.0,316.0,133.0,232.0
2934,316.0,230.0,422.0,165.0,239.0
2935,310.0,196.0,688.0,228.0,170.0
2936,162.0,159.0,185.0,178.0,156.0
2937,149.0,144.0,508.0,23.0,81.0
2938,224.0,309.0,302.0,129.0,154.0
2939,170.0,247.0,274.0,122.0,246.0
2940,156.0,435.0,204.0,51.0,225.0
2941,168.0,42.0,222.0,30.0,129.0
2942,262.0,264.0,305.0,168.0,167.0
2943,331.0,408.0,162.0,51.0,266.0
2944,211.0,214.0,636.0,101.0,209.0
2945,268.0,448.0,484.0,201.0,198.0
2946,228.0,163.0,310.0,254.0,48.0
2947,321.0,137.0,522.0,31.0,167.0
2948,196.0,375.0,134.0,172.0,216.0
2949,183.0,151.0,382.0,212.0,214.0
2950,212.0,215.0,614.0,29.0,168.0
2951,255.0,146.0,318.0,126.0,174.0
2952,223.0,163.0,226.0,185.0,178.0
2953,341.0,103.0,341.0,151.0,248.0
2954,318.0,240.0,525.0,175.0,154.0
2955,266.0,482.0,33.0,190.0,195.0
2956,39.0,310.0,126.0,151.0,267.0
2957,227.0,55.0,367.0,162.0,223.0
2958,315.0,274.0,510.0,111.0,201.0
2959,288.0,260.0,404.0,95.0,307.0
2960,163.0,316.0,158.0,43.0,222.0
2961,285.0,158.0,378.0,41.0,210.0
2962,96.0,150.0,280.0,184.0,189.0
2963,212.0,189.0,353.0,145.0,205.0
2964,271.0,230.0,418.0,102.0,127.0
2965,94.0,50.0,213.0,165.0,176.0
2966,196.0,394.0,35.0,242.0,179.0
2967,648.0,256.0,621.0,26.0,79.0
2968,195.0,103.0,137.0,151.0,229.0
2969,192.0,374.0,103.0,107.0,235.0
2970,292.0,500.0,329.0,89.0,237.0
2971,130.0,233.0,354.0,223.0,139.0
2972,182.0,198.0,284.0,206.0,142.0
2973,185.0,48.0,247.0,39.0,122.0
2974,453.0,154.0,114.0,295.0,203.0
2975,175.0,348.0,202.0,165.0,59.0
2976,159.0,250.0,182.0,160.0,108.0
2977,423.0,120.0,224.0,132.0,197.0
2978,110.0,118.0,216.0,223.0,234.0
2979,346.0,251.0,177.0,141.0,176.0
2980,522.0,150.0,178.0,198.0,157.0
2981,435.0,310.0,177.0,118.0,173.0
2982,680.0,103.0,152.0,153.0,232.0
2983,228.0,261.0,148.0,212.0,261.0
2984,375.0,515.0,601.0,112.0,163.0
2985,100.0,228.0,114.0,239.0,162.0
2986,39.0,412.0,277.0,182.0,241.0
2987,205.0,198.0,182.0,208.0,201.0
2988,219.0,265.0,111.0,75.0,134.0
2989,133.0,117.0,247.0,47.0,217.0
2990,208.0,214.0,151.0,221.0,216.0
2991,242.0,557.0,110.0,164.0,272.0
2992,206.0,125.0,141.0,275.0,176.0
2993,156.0,189.0,123.0,225.0,37.0
2994,119.0,583.0,115.0,162.0,95.0
2995,508.0,141.0,198.0,163.0,225.0
2996,217.0,856.0,284.0,180.0,108.0
2997,325.0,543.0,134.0,169.0,272.0
2998,290.0,250.0,315.0,17.0,179.0
2999,300.0,108.0,135.0,182.0,14.0
