0,1,2,3,4
14.0,42.0,20.0,20.0,35.0
13.0,30.0,47.0,16.0,12.0
10.0,17.0,10.0,9.0,11.0
44.0,33.0,17.0,10.0,22.0
12.0,24.0,29.0,22.0,27.0
12.0,19.0,25.0,13.0,34.0
12.0,11.0,18.0,13.0,30.0
11.0,19.0,33.0,11.0,11.0
23.0,16.0,22.0,12.0,21.0
41.0,43.0,13.0,11.0,10.0
53.0,18.0,10.0,18.0,23.0
27.0,14.0,18.0,16.0,34.0
25.0,9.0,20.0,11.0,15.0
14.0,14.0,13.0,11.0,17.0
40.0,20.0,13.0,18.0,15.0
25.0,14.0,11.0,15.0,20.0
17.0,17.0,12.0,19.0,50.0
26.0,21.0,21.0,20.0,14.0
80.0,11.0,41.0,16.0,13.0
11.0,16.0,11.0,22.0,35.0
33.0,13.0,21.0,12.0,23.0
78.0,15.0,35.0,12.0,19.0
15.0,14.0,11.0,14.0,33.0
22.0,10.0,14.0,20.0,15.0
12.0,12.0,25.0,30.0,15.0
22.0,36.0,33.0,32.0,22.0
10.0,24.0,22.0,15.0,30.0
10.0,24.0,32.0,35.0,17.0
10.0,33.0,16.0,10.0,19.0
21.0,36.0,18.0,19.0,26.0
23.0,18.0,17.0,35.0,34.0
10.0,37.0,15.0,15.0,14.0
16.0,12.0,24.0,28.0,22.0
34.0,13.0,15.0,13.0,33.0
24.0,16.0,9.0,16.0,36.0
17.0,15.0,9.0,19.0,20.0
42.0,14.0,14.0,40.0,15.0
16.0,10.0,17.0,20.0,15.0
14.0,25.0,20.0,19.0,13.0
20.0,20.0,18.0,19.0,49.0
26.0,85.0,25.0,15.0,17.0
21.0,13.0,11.0,19.0,18.0
22.0,20.0,12.0,9.0,22.0
21.0,25.0,13.0,38.0,27.0
25.0,21.0,16.0,12.0,51.0
56.0,14.0,16.0,19.0,25.0
37.0,37.0,11.0,13.0,16.0
22.0,25.0,21.0,16.0,9.0
13.0,26.0,30.0,23.0,20.0
51.0,18.0,21.0,13.0,10.0
25.0,19.0,22.0,13.0,18.0
28.0,18.0,20.0,17.0,21.0
38.0,23.0,54.0,18.0,15.0
23.0,38.0,26.0,23.0,18.0
14.0,12.0,31.0,15.0,25.0
36.0,26.0,13.0,19.0,12.0
50.0,54.0,8.0,11.0,24.0
23.0,18.0,14.0,18.0,12.0
32.0,34.0,14.0,23.0,76.0
15.0,16.0,12.0,16.0,15.0
29.0,30.0,18.0,22.0,23.0
28.0,47.0,26.0,11.0,19.0
45.0,28.0,19.0,31.0,16.0
63.0,14.0,19.0,11.0,48.0
66.0,15.0,37.0,14.0,12.0
31.0,39.0,18.0,11.0,20.0
47.0,44.0,10.0,23.0,20.0
16.0,49.0,17.0,13.0,14.0
20.0,28.0,19.0,10.0,22.0
18.0,25.0,11.0,34.0,11.0
22.0,38.0,13.0,13.0,31.0
25.0,16.0,24.0,9.0,16.0
27.0,22.0,18.0,11.0,15.0
55.0,37.0,14.0,24.0,13.0
11.0,37.0,24.0,25.0,22.0
25.0,26.0,21.0,17.0,11.0
72.0,20.0,17.0,25.0,13.0
19.0,28.0,10.0,18.0,23.0
14.0,30.0,21.0,18.0,19.0
27.0,62.0,9.0,11.0,14.0
53.0,22.0,15.0,12.0,38.0
13.0,66.0,13.0,8.0,16.0
42.0,13.0,18.0,16.0,29.0
37.0,14.0,16.0,21.0,26.0
43.0,15.0,10.0,14.0,43.0
52.0,14.0,12.0,19.0,10.0
102.0,19.0,25.0,36.0,13.0
31.0,9.0,15.0,10.0,14.0
46.0,76.0,10.0,16.0,64.0
38.0,15.0,19.0,11.0,29.0
17.0,26.0,20.0,9.0,19.0
35.0,23.0,11.0,14.0,15.0
39.0,24.0,14.0,11.0,14.0
42.0,25.0,10.0,19.0,11.0
47.0,55.0,10.0,11.0,16.0
27.0,16.0,12.0,11.0,24.0
13.0,21.0,11.0,8.0,24.0
25.0,21.0,13.0,12.0,20.0
83.0,36.0,11.0,24.0,15.0
55.0,21.0,11.0,10.0,16.0
25.0,64.0,13.0,10.0,32.0
42.0,15.0,20.0,14.0,25.0
39.0,13.0,13.0,13.0,16.0
63.0,21.0,12.0,11.0,14.0
71.0,106.0,9.0,15.0,15.0
54.0,38.0,9.0,11.0,21.0
19.0,18.0,9.0,18.0,42.0
37.0,31.0,16.0,16.0,9.0
49.0,19.0,10.0,37.0,15.0
59.0,13.0,12.0,12.0,21.0
18.0,38.0,9.0,13.0,18.0
93.0,29.0,12.0,13.0,70.0
45.0,31.0,9.0,11.0,12.0
67.0,27.0,9.0,13.0,19.0
23.0,17.0,10.0,10.0,10.0
23.0,32.0,11.0,30.0,15.0
21.0,38.0,11.0,10.0,34.0
27.0,13.0,8.0,11.0,16.0
20.0,15.0,9.0,18.0,21.0
59.0,29.0,9.0,15.0,12.0
32.0,15.0,11.0,11.0,14.0
48.0,31.0,12.0,10.0,10.0
20.0,49.0,10.0,15.0,26.0
95.0,46.0,12.0,10.0,21.0
17.0,17.0,9.0,10.0,21.0
33.0,53.0,10.0,16.0,14.0
27.0,32.0,12.0,10.0,14.0
52.0,25.0,10.0,11.0,12.0
27.0,33.0,9.0,10.0,9.0
35.0,19.0,17.0,13.0,10.0
28.0,21.0,10.0,13.0,10.0
44.0,34.0,17.0,10.0,16.0
31.0,46.0,10.0,12.0,15.0
93.0,63.0,9.0,8.0,14.0
13.0,19.0,12.0,11.0,13.0
33.0,17.0,8.0,9.0,12.0
22.0,28.0,11.0,9.0,21.0
26.0,31.0,10.0,9.0,20.0
33.0,46.0,9.0,11.0,12.0
36.0,14.0,9.0,13.0,28.0
28.0,25.0,15.0,10.0,19.0
29.0,14.0,14.0,8.0,12.0
56.0,53.0,10.0,9.0,24.0
14.0,33.0,13.0,10.0,51.0
34.0,34.0,10.0,14.0,16.0
23.0,72.0,9.0,9.0,41.0
32.0,24.0,9.0,11.0,32.0
129.0,44.0,10.0,14.0,60.0
59.0,70.0,10.0,19.0,18.0
42.0,69.0,10.0,9.0,17.0
37.0,18.0,11.0,11.0,15.0
52.0,67.0,11.0,12.0,63.0
18.0,50.0,10.0,10.0,26.0
61.0,14.0,10.0,10.0,29.0
40.0,31.0,10.0,11.0,32.0
31.0,19.0,12.0,18.0,31.0
55.0,44.0,13.0,10.0,17.0
29.0,24.0,8.0,11.0,17.0
52.0,31.0,9.0,10.0,72.0
53.0,52.0,9.0,10.0,76.0
29.0,81.0,11.0,8.0,17.0
56.0,27.0,9.0,13.0,16.0
63.0,29.0,12.0,8.0,59.0
52.0,38.0,9.0,9.0,19.0
42.0,70.0,11.0,10.0,22.0
51.0,70.0,8.0,10.0,20.0
70.0,21.0,8.0,13.0,41.0
37.0,90.0,9.0,10.0,14.0
11.0,16.0,10.0,19.0,29.0
28.0,58.0,11.0,12.0,32.0
58.0,57.0,9.0,10.0,30.0
62.0,58.0,9.0,13.0,57.0
44.0,61.0,10.0,10.0,58.0
41.0,51.0,12.0,8.0,25.0
21.0,27.0,10.0,9.0,10.0
21.0,48.0,13.0,10.0,11.0
29.0,76.0,9.0,10.0,20.0
45.0,20.0,9.0,9.0,20.0
46.0,62.0,9.0,15.0,17.0
47.0,30.0,12.0,10.0,22.0
14.0,32.0,12.0,10.0,42.0
38.0,33.0,9.0,10.0,12.0
13.0,32.0,10.0,8.0,33.0
45.0,48.0,8.0,12.0,36.0
30.0,21.0,12.0,17.0,54.0
35.0,113.0,10.0,10.0,24.0
56.0,74.0,9.0,13.0,26.0
17.0,56.0,10.0,12.0,13.0
119.0,37.0,9.0,12.0,49.0
36.0,35.0,10.0,10.0,31.0
25.0,51.0,13.0,10.0,14.0
32.0,89.0,12.0,9.0,13.0
71.0,56.0,12.0,10.0,10.0
66.0,95.0,9.0,12.0,13.0
111.0,39.0,12.0,11.0,26.0
70.0,53.0,8.0,10.0,20.0
49.0,17.0,9.0,11.0,26.0
31.0,31.0,9.0,10.0,15.0
32.0,23.0,12.0,8.0,60.0
23.0,87.0,10.0,10.0,56.0
39.0,22.0,11.0,10.0,29.0
48.0,19.0,10.0,11.0,37.0
29.0,75.0,10.0,10.0,22.0
20.0,14.0,10.0,10.0,26.0
26.0,28.0,10.0,10.0,51.0
16.0,27.0,9.0,9.0,36.0
40.0,39.0,9.0,10.0,31.0
57.0,36.0,10.0,10.0,56.0
75.0,41.0,10.0,10.0,20.0
62.0,44.0,12.0,9.0,38.0
41.0,47.0,10.0,14.0,25.0
20.0,21.0,12.0,9.0,10.0
34.0,103.0,13.0,12.0,33.0
52.0,100.0,9.0,10.0,27.0
54.0,27.0,8.0,9.0,32.0
31.0,37.0,9.0,10.0,32.0
36.0,48.0,11.0,9.0,36.0
64.0,23.0,10.0,11.0,31.0
55.0,106.0,9.0,10.0,20.0
61.0,45.0,12.0,10.0,26.0
21.0,20.0,9.0,10.0,36.0
37.0,71.0,11.0,9.0,56.0
33.0,55.0,9.0,9.0,28.0
25.0,39.0,11.0,10.0,55.0
66.0,38.0,9.0,9.0,23.0
55.0,30.0,9.0,10.0,30.0
106.0,38.0,9.0,13.0,18.0
45.0,24.0,12.0,10.0,63.0
118.0,42.0,10.0,8.0,54.0
57.0,55.0,11.0,11.0,52.0
65.0,28.0,11.0,9.0,23.0
26.0,81.0,12.0,11.0,68.0
41.0,26.0,10.0,9.0,17.0
20.0,83.0,13.0,10.0,57.0
58.0,58.0,10.0,11.0,32.0
98.0,15.0,10.0,10.0,18.0
53.0,45.0,8.0,10.0,25.0
28.0,28.0,12.0,11.0,68.0
49.0,26.0,9.0,8.0,60.0
40.0,27.0,10.0,10.0,22.0
71.0,30.0,11.0,8.0,41.0
43.0,31.0,9.0,9.0,26.0
55.0,89.0,18.0,10.0,31.0
25.0,19.0,11.0,11.0,57.0
32.0,36.0,10.0,10.0,32.0
67.0,48.0,10.0,9.0,48.0
14.0,36.0,12.0,15.0,33.0
29.0,22.0,10.0,11.0,49.0
63.0,56.0,10.0,10.0,28.0
34.0,20.0,12.0,10.0,52.0
13.0,41.0,9.0,10.0,38.0
82.0,34.0,9.0,10.0,70.0
72.0,65.0,8.0,8.0,31.0
48.0,24.0,9.0,11.0,46.0
15.0,63.0,10.0,8.0,43.0
60.0,69.0,9.0,13.0,33.0
41.0,57.0,12.0,9.0,37.0
22.0,37.0,8.0,11.0,59.0
53.0,44.0,9.0,9.0,87.0
17.0,50.0,10.0,9.0,47.0
55.0,19.0,8.0,9.0,79.0
85.0,36.0,9.0,10.0,40.0
32.0,50.0,9.0,11.0,62.0
74.0,47.0,9.0,10.0,26.0
77.0,93.0,9.0,10.0,74.0
49.0,32.0,8.0,10.0,29.0
18.0,30.0,12.0,10.0,50.0
42.0,31.0,10.0,8.0,35.0
26.0,87.0,10.0,10.0,48.0
39.0,53.0,9.0,9.0,46.0
71.0,43.0,10.0,9.0,26.0
38.0,54.0,10.0,10.0,16.0
44.0,42.0,9.0,8.0,35.0
54.0,51.0,11.0,11.0,23.0
29.0,90.0,11.0,9.0,83.0
43.0,53.0,10.0,10.0,18.0
39.0,32.0,11.0,8.0,16.0
22.0,76.0,9.0,10.0,41.0
91.0,34.0,9.0,13.0,56.0
16.0,60.0,12.0,9.0,43.0
28.0,38.0,9.0,12.0,65.0
37.0,63.0,8.0,11.0,31.0
85.0,22.0,9.0,10.0,24.0
40.0,46.0,12.0,8.0,33.0
16.0,54.0,10.0,10.0,42.0
44.0,24.0,11.0,9.0,37.0
43.0,72.0,10.0,10.0,59.0
27.0,48.0,9.0,10.0,72.0
66.0,47.0,8.0,8.0,49.0
40.0,40.0,12.0,10.0,36.0
48.0,88.0,9.0,9.0,37.0
45.0,44.0,10.0,10.0,24.0
40.0,23.0,9.0,9.0,26.0
116.0,62.0,9.0,9.0,34.0
50.0,56.0,8.0,13.0,36.0
72.0,78.0,9.0,10.0,37.0
44.0,23.0,8.0,9.0,27.0
48.0,95.0,10.0,13.0,47.0
48.0,62.0,10.0,11.0,23.0
109.0,80.0,9.0,12.0,21.0
30.0,43.0,10.0,8.0,29.0
41.0,35.0,9.0,8.0,39.0
42.0,36.0,9.0,9.0,39.0
70.0,31.0,10.0,9.0,19.0
57.0,37.0,13.0,11.0,65.0
31.0,57.0,9.0,14.0,30.0
31.0,29.0,9.0,9.0,51.0
64.0,54.0,10.0,12.0,42.0
64.0,34.0,9.0,9.0,44.0
122.0,47.0,8.0,10.0,18.0
153.0,75.0,9.0,9.0,25.0
48.0,31.0,9.0,9.0,46.0
37.0,27.0,9.0,12.0,39.0
57.0,45.0,8.0,11.0,57.0
60.0,76.0,8.0,10.0,31.0
55.0,41.0,9.0,9.0,47.0
82.0,60.0,10.0,9.0,92.0
101.0,59.0,9.0,10.0,37.0
52.0,29.0,12.0,10.0,22.0
85.0,29.0,9.0,9.0,62.0
34.0,47.0,16.0,9.0,52.0
38.0,46.0,11.0,9.0,57.0
50.0,39.0,11.0,10.0,40.0
62.0,74.0,11.0,9.0,29.0
37.0,93.0,10.0,10.0,41.0
57.0,45.0,10.0,8.0,37.0
34.0,62.0,11.0,10.0,19.0
57.0,82.0,9.0,10.0,37.0
71.0,161.0,8.0,9.0,29.0
59.0,89.0,10.0,9.0,34.0
47.0,36.0,9.0,9.0,56.0
64.0,63.0,11.0,12.0,44.0
39.0,48.0,11.0,9.0,55.0
65.0,49.0,11.0,9.0,38.0
45.0,66.0,13.0,8.0,28.0
76.0,46.0,12.0,10.0,32.0
48.0,67.0,9.0,11.0,43.0
45.0,17.0,9.0,10.0,56.0
44.0,48.0,11.0,8.0,27.0
43.0,43.0,10.0,8.0,69.0
43.0,30.0,8.0,9.0,77.0
52.0,58.0,10.0,10.0,25.0
85.0,53.0,11.0,10.0,47.0
52.0,45.0,8.0,10.0,61.0
62.0,48.0,9.0,9.0,39.0
73.0,140.0,10.0,16.0,35.0
46.0,65.0,13.0,13.0,63.0
36.0,90.0,10.0,10.0,85.0
47.0,19.0,10.0,8.0,76.0
41.0,34.0,11.0,11.0,40.0
25.0,58.0,15.0,13.0,49.0
26.0,40.0,10.0,10.0,36.0
49.0,74.0,10.0,12.0,68.0
64.0,149.0,9.0,9.0,40.0
23.0,97.0,10.0,9.0,50.0
65.0,97.0,9.0,11.0,107.0
46.0,98.0,9.0,10.0,32.0
52.0,67.0,11.0,10.0,24.0
124.0,55.0,9.0,9.0,47.0
48.0,74.0,9.0,10.0,36.0
83.0,43.0,13.0,9.0,26.0
26.0,72.0,13.0,9.0,49.0
28.0,80.0,10.0,9.0,109.0
38.0,69.0,8.0,11.0,77.0
34.0,74.0,11.0,11.0,51.0
61.0,68.0,9.0,11.0,30.0
33.0,64.0,9.0,9.0,40.0
33.0,34.0,10.0,9.0,36.0
45.0,41.0,9.0,9.0,62.0
40.0,40.0,8.0,10.0,34.0
55.0,53.0,8.0,9.0,16.0
94.0,52.0,9.0,10.0,15.0
36.0,57.0,9.0,9.0,52.0
51.0,37.0,10.0,8.0,99.0
56.0,91.0,10.0,10.0,33.0
53.0,92.0,10.0,10.0,65.0
60.0,44.0,9.0,9.0,28.0
58.0,37.0,9.0,8.0,43.0
41.0,108.0,8.0,12.0,61.0
65.0,86.0,8.0,12.0,36.0
48.0,103.0,10.0,10.0,61.0
49.0,87.0,10.0,9.0,29.0
45.0,40.0,9.0,8.0,51.0
94.0,60.0,9.0,10.0,35.0
62.0,69.0,9.0,10.0,65.0
25.0,44.0,8.0,9.0,50.0
39.0,39.0,8.0,10.0,21.0
99.0,29.0,10.0,9.0,82.0
72.0,120.0,10.0,8.0,44.0
21.0,47.0,10.0,12.0,77.0
46.0,36.0,10.0,10.0,100.0
71.0,69.0,9.0,9.0,46.0
76.0,32.0,10.0,10.0,49.0
101.0,34.0,14.0,10.0,74.0
43.0,21.0,11.0,9.0,94.0
43.0,109.0,9.0,11.0,67.0
94.0,46.0,11.0,10.0,31.0
16.0,61.0,11.0,11.0,38.0
110.0,28.0,9.0,10.0,58.0
22.0,39.0,11.0,8.0,41.0
36.0,77.0,9.0,8.0,38.0
64.0,49.0,9.0,9.0,51.0
94.0,70.0,9.0,8.0,43.0
80.0,50.0,10.0,10.0,31.0
35.0,67.0,9.0,11.0,38.0
81.0,32.0,12.0,8.0,276.0
82.0,94.0,9.0,9.0,23.0
40.0,116.0,9.0,11.0,59.0
60.0,45.0,11.0,10.0,46.0
63.0,71.0,10.0,9.0,44.0
44.0,46.0,9.0,9.0,53.0
17.0,41.0,12.0,9.0,83.0
61.0,63.0,10.0,15.0,30.0
70.0,33.0,10.0,9.0,24.0
41.0,97.0,9.0,10.0,41.0
37.0,32.0,10.0,9.0,25.0
50.0,49.0,13.0,12.0,49.0
47.0,61.0,9.0,8.0,62.0
67.0,108.0,10.0,8.0,64.0
44.0,51.0,9.0,10.0,25.0
28.0,115.0,9.0,10.0,69.0
128.0,60.0,10.0,8.0,62.0
28.0,94.0,9.0,9.0,58.0
61.0,90.0,10.0,11.0,42.0
31.0,42.0,10.0,10.0,33.0
52.0,44.0,10.0,9.0,49.0
33.0,33.0,9.0,9.0,36.0
83.0,69.0,10.0,9.0,55.0
37.0,32.0,11.0,10.0,48.0
37.0,59.0,10.0,10.0,24.0
81.0,45.0,9.0,9.0,53.0
99.0,86.0,13.0,11.0,35.0
63.0,50.0,8.0,9.0,53.0
50.0,65.0,8.0,9.0,62.0
57.0,78.0,10.0,9.0,57.0
70.0,22.0,10.0,10.0,60.0
71.0,41.0,8.0,9.0,26.0
41.0,71.0,11.0,10.0,33.0
56.0,44.0,10.0,10.0,27.0
73.0,56.0,11.0,9.0,33.0
70.0,102.0,8.0,10.0,43.0
80.0,31.0,9.0,9.0,71.0
46.0,58.0,9.0,10.0,45.0
49.0,82.0,10.0,9.0,51.0
57.0,100.0,8.0,9.0,26.0
42.0,81.0,10.0,10.0,43.0
30.0,103.0,9.0,9.0,55.0
41.0,43.0,8.0,13.0,96.0
119.0,44.0,10.0,11.0,39.0
104.0,50.0,9.0,9.0,41.0
56.0,104.0,10.0,11.0,38.0
97.0,37.0,9.0,9.0,41.0
48.0,82.0,10.0,10.0,49.0
55.0,64.0,9.0,8.0,45.0
61.0,125.0,11.0,11.0,73.0
102.0,58.0,9.0,10.0,73.0
51.0,59.0,8.0,12.0,72.0
92.0,93.0,10.0,9.0,80.0
36.0,96.0,10.0,9.0,42.0
71.0,33.0,12.0,10.0,37.0
47.0,78.0,11.0,10.0,68.0
70.0,110.0,10.0,11.0,74.0
49.0,49.0,16.0,8.0,35.0
132.0,94.0,10.0,10.0,31.0
41.0,45.0,12.0,9.0,68.0
95.0,63.0,11.0,10.0,56.0
72.0,84.0,9.0,8.0,82.0
95.0,62.0,10.0,10.0,71.0
99.0,66.0,10.0,9.0,44.0
46.0,56.0,10.0,10.0,81.0
61.0,51.0,10.0,10.0,38.0
22.0,49.0,8.0,9.0,63.0
52.0,106.0,9.0,9.0,49.0
110.0,159.0,8.0,10.0,64.0
44.0,80.0,9.0,10.0,46.0
45.0,62.0,9.0,10.0,63.0
82.0,92.0,12.0,9.0,47.0
65.0,51.0,10.0,9.0,28.0
80.0,86.0,10.0,10.0,31.0
50.0,122.0,10.0,9.0,61.0
38.0,63.0,9.0,10.0,38.0
79.0,53.0,9.0,9.0,48.0
83.0,63.0,10.0,9.0,76.0
76.0,54.0,9.0,10.0,105.0
26.0,80.0,9.0,9.0,39.0
70.0,36.0,10.0,9.0,34.0
75.0,46.0,10.0,9.0,33.0
61.0,102.0,11.0,9.0,33.0
34.0,87.0,9.0,9.0,60.0
76.0,33.0,10.0,10.0,61.0
45.0,83.0,10.0,8.0,49.0
93.0,125.0,9.0,11.0,31.0
53.0,73.0,11.0,9.0,68.0
80.0,66.0,9.0,10.0,57.0
66.0,49.0,9.0,9.0,79.0
47.0,76.0,8.0,8.0,50.0
42.0,70.0,10.0,11.0,50.0
40.0,38.0,10.0,10.0,40.0
44.0,63.0,9.0,10.0,37.0
34.0,87.0,10.0,9.0,32.0
60.0,29.0,9.0,9.0,53.0
68.0,84.0,8.0,9.0,57.0
38.0,55.0,10.0,12.0,78.0
59.0,97.0,10.0,9.0,62.0
62.0,38.0,10.0,10.0,48.0
71.0,66.0,10.0,8.0,78.0
79.0,111.0,10.0,8.0,107.0
30.0,54.0,10.0,10.0,45.0
34.0,66.0,13.0,10.0,41.0
30.0,103.0,9.0,10.0,41.0
111.0,140.0,10.0,11.0,50.0
74.0,88.0,9.0,9.0,76.0
132.0,60.0,9.0,10.0,187.0
68.0,70.0,10.0,10.0,59.0
49.0,63.0,9.0,9.0,49.0
59.0,89.0,9.0,12.0,73.0
34.0,45.0,8.0,8.0,65.0
46.0,45.0,9.0,10.0,36.0
49.0,104.0,9.0,9.0,36.0
71.0,82.0,9.0,10.0,31.0
34.0,232.0,10.0,10.0,56.0
44.0,59.0,11.0,9.0,62.0
80.0,44.0,10.0,9.0,87.0
81.0,100.0,9.0,9.0,69.0
54.0,68.0,9.0,9.0,40.0
35.0,70.0,10.0,11.0,75.0
65.0,81.0,9.0,9.0,55.0
25.0,81.0,9.0,9.0,57.0
84.0,66.0,9.0,9.0,73.0
58.0,78.0,10.0,10.0,82.0
40.0,94.0,11.0,10.0,57.0
69.0,81.0,9.0,9.0,35.0
62.0,58.0,9.0,10.0,34.0
53.0,95.0,9.0,9.0,40.0
39.0,87.0,10.0,9.0,70.0
38.0,89.0,8.0,9.0,102.0
38.0,81.0,8.0,9.0,79.0
57.0,54.0,12.0,9.0,98.0
76.0,32.0,10.0,9.0,39.0
87.0,29.0,10.0,11.0,43.0
74.0,54.0,9.0,8.0,87.0
49.0,77.0,8.0,9.0,52.0
40.0,57.0,10.0,10.0,55.0
33.0,73.0,10.0,9.0,23.0
30.0,65.0,10.0,10.0,63.0
56.0,57.0,10.0,8.0,80.0
38.0,63.0,8.0,10.0,95.0
77.0,44.0,8.0,10.0,73.0
101.0,68.0,9.0,10.0,47.0
66.0,32.0,10.0,10.0,45.0
98.0,68.0,10.0,12.0,64.0
75.0,39.0,8.0,10.0,41.0
121.0,111.0,10.0,9.0,47.0
49.0,78.0,9.0,9.0,37.0
52.0,51.0,10.0,9.0,50.0
58.0,58.0,10.0,10.0,43.0
47.0,117.0,9.0,9.0,32.0
67.0,120.0,9.0,10.0,90.0
66.0,85.0,9.0,9.0,62.0
59.0,38.0,10.0,10.0,72.0
109.0,119.0,8.0,9.0,49.0
47.0,56.0,9.0,8.0,43.0
80.0,46.0,10.0,9.0,58.0
75.0,38.0,10.0,10.0,66.0
103.0,89.0,10.0,8.0,53.0
106.0,94.0,11.0,10.0,126.0
41.0,110.0,10.0,10.0,77.0
86.0,50.0,11.0,9.0,62.0
54.0,52.0,9.0,10.0,67.0
90.0,59.0,10.0,9.0,49.0
67.0,52.0,9.0,10.0,49.0
45.0,54.0,9.0,9.0,46.0
37.0,45.0,15.0,9.0,35.0
69.0,74.0,10.0,8.0,92.0
33.0,80.0,9.0,10.0,44.0
63.0,108.0,9.0,10.0,63.0
59.0,52.0,10.0,9.0,57.0
47.0,75.0,11.0,8.0,34.0
56.0,62.0,9.0,10.0,46.0
63.0,88.0,9.0,9.0,35.0
54.0,36.0,10.0,9.0,66.0
56.0,75.0,10.0,10.0,39.0
65.0,49.0,9.0,9.0,99.0
67.0,38.0,10.0,14.0,65.0
77.0,62.0,10.0,9.0,61.0
46.0,108.0,10.0,8.0,50.0
103.0,90.0,8.0,10.0,27.0
47.0,125.0,12.0,11.0,51.0
47.0,69.0,9.0,10.0,48.0
70.0,99.0,8.0,10.0,46.0
46.0,143.0,8.0,12.0,74.0
118.0,44.0,8.0,10.0,32.0
67.0,63.0,9.0,10.0,32.0
79.0,130.0,10.0,10.0,48.0
65.0,47.0,10.0,9.0,96.0
87.0,96.0,9.0,10.0,44.0
93.0,177.0,9.0,8.0,47.0
110.0,110.0,9.0,10.0,76.0
113.0,106.0,8.0,8.0,40.0
34.0,150.0,10.0,9.0,69.0
114.0,44.0,10.0,9.0,51.0
33.0,103.0,10.0,9.0,36.0
115.0,129.0,10.0,9.0,49.0
51.0,132.0,10.0,10.0,51.0
75.0,126.0,12.0,10.0,35.0
53.0,64.0,9.0,10.0,54.0
41.0,53.0,17.0,8.0,90.0
54.0,89.0,9.0,10.0,57.0
70.0,52.0,10.0,9.0,106.0
80.0,60.0,8.0,11.0,135.0
66.0,44.0,9.0,10.0,90.0
71.0,99.0,10.0,10.0,37.0
88.0,69.0,9.0,9.0,69.0
37.0,177.0,10.0,9.0,69.0
49.0,63.0,10.0,9.0,35.0
125.0,57.0,10.0,8.0,57.0
83.0,72.0,10.0,10.0,81.0
125.0,53.0,9.0,8.0,33.0
96.0,33.0,8.0,9.0,99.0
84.0,110.0,8.0,10.0,74.0
45.0,74.0,9.0,10.0,41.0
68.0,139.0,9.0,9.0,84.0
74.0,47.0,10.0,12.0,29.0
63.0,85.0,10.0,10.0,35.0
59.0,97.0,10.0,8.0,96.0
80.0,40.0,8.0,11.0,40.0
58.0,147.0,9.0,10.0,42.0
56.0,107.0,11.0,9.0,40.0
89.0,49.0,9.0,9.0,48.0
83.0,41.0,9.0,9.0,129.0
81.0,50.0,10.0,8.0,52.0
90.0,54.0,9.0,10.0,62.0
47.0,160.0,9.0,9.0,54.0
69.0,81.0,9.0,9.0,95.0
50.0,36.0,10.0,9.0,41.0
89.0,77.0,10.0,9.0,46.0
83.0,65.0,12.0,9.0,64.0
53.0,68.0,11.0,9.0,82.0
121.0,51.0,9.0,9.0,74.0
83.0,47.0,10.0,9.0,42.0
54.0,154.0,10.0,10.0,44.0
119.0,132.0,9.0,10.0,67.0
72.0,68.0,9.0,9.0,55.0
128.0,66.0,10.0,10.0,65.0
127.0,72.0,9.0,10.0,55.0
40.0,55.0,10.0,10.0,83.0
27.0,149.0,10.0,9.0,27.0
45.0,65.0,10.0,9.0,160.0
45.0,112.0,9.0,10.0,82.0
58.0,120.0,10.0,12.0,57.0
70.0,141.0,10.0,8.0,112.0
97.0,28.0,10.0,10.0,69.0
72.0,127.0,9.0,9.0,54.0
82.0,84.0,9.0,11.0,32.0
40.0,61.0,10.0,10.0,37.0
80.0,80.0,9.0,10.0,46.0
81.0,129.0,12.0,9.0,54.0
55.0,54.0,9.0,10.0,76.0
73.0,61.0,9.0,10.0,38.0
55.0,79.0,10.0,10.0,78.0
33.0,39.0,9.0,9.0,92.0
47.0,140.0,9.0,9.0,43.0
66.0,115.0,10.0,9.0,109.0
33.0,72.0,10.0,11.0,81.0
77.0,150.0,10.0,8.0,111.0
68.0,70.0,9.0,10.0,35.0
40.0,92.0,9.0,8.0,57.0
97.0,71.0,9.0,9.0,108.0
90.0,51.0,9.0,9.0,106.0
105.0,45.0,10.0,9.0,44.0
81.0,65.0,9.0,9.0,89.0
117.0,98.0,10.0,9.0,74.0
55.0,71.0,10.0,10.0,43.0
50.0,50.0,10.0,9.0,66.0
49.0,87.0,10.0,8.0,46.0
102.0,77.0,9.0,10.0,69.0
72.0,83.0,9.0,9.0,26.0
80.0,81.0,9.0,9.0,67.0
78.0,134.0,8.0,10.0,36.0
66.0,74.0,9.0,9.0,26.0
71.0,124.0,9.0,10.0,72.0
66.0,65.0,10.0,10.0,31.0
99.0,95.0,9.0,9.0,34.0
81.0,54.0,9.0,9.0,78.0
53.0,101.0,9.0,9.0,51.0
80.0,214.0,9.0,9.0,70.0
82.0,62.0,10.0,9.0,38.0
75.0,122.0,12.0,10.0,26.0
52.0,62.0,9.0,10.0,75.0
46.0,77.0,9.0,11.0,55.0
125.0,51.0,10.0,10.0,98.0
54.0,129.0,8.0,9.0,86.0
41.0,106.0,9.0,10.0,46.0
69.0,81.0,8.0,9.0,42.0
95.0,83.0,10.0,10.0,121.0
43.0,79.0,9.0,8.0,68.0
50.0,170.0,8.0,9.0,66.0
104.0,124.0,9.0,9.0,60.0
102.0,60.0,12.0,9.0,85.0
86.0,57.0,9.0,9.0,93.0
38.0,64.0,10.0,9.0,80.0
45.0,49.0,10.0,9.0,58.0
123.0,72.0,9.0,10.0,59.0
62.0,71.0,9.0,9.0,96.0
132.0,110.0,10.0,10.0,57.0
93.0,187.0,10.0,9.0,84.0
72.0,122.0,10.0,8.0,67.0
70.0,68.0,10.0,8.0,67.0
64.0,97.0,8.0,9.0,51.0
96.0,90.0,8.0,8.0,36.0
54.0,63.0,10.0,11.0,92.0
42.0,92.0,10.0,10.0,62.0
108.0,62.0,8.0,9.0,41.0
66.0,46.0,8.0,11.0,48.0
68.0,110.0,8.0,11.0,131.0
83.0,67.0,9.0,10.0,80.0
36.0,179.0,9.0,10.0,55.0
152.0,65.0,9.0,9.0,40.0
92.0,90.0,10.0,9.0,207.0
132.0,67.0,9.0,10.0,86.0
112.0,125.0,10.0,9.0,57.0
77.0,108.0,9.0,10.0,44.0
68.0,94.0,9.0,9.0,54.0
156.0,127.0,8.0,9.0,73.0
136.0,96.0,10.0,10.0,68.0
82.0,115.0,8.0,10.0,74.0
84.0,92.0,9.0,10.0,46.0
131.0,291.0,8.0,10.0,23.0
57.0,90.0,10.0,9.0,23.0
79.0,92.0,8.0,10.0,69.0
83.0,95.0,8.0,8.0,64.0
70.0,83.0,9.0,10.0,41.0
92.0,91.0,10.0,8.0,79.0
54.0,50.0,10.0,9.0,58.0
118.0,117.0,9.0,10.0,75.0
146.0,45.0,10.0,9.0,157.0
68.0,76.0,10.0,11.0,57.0
110.0,97.0,10.0,10.0,68.0
78.0,122.0,9.0,10.0,91.0
60.0,129.0,9.0,10.0,72.0
70.0,90.0,10.0,9.0,118.0
72.0,122.0,8.0,8.0,27.0
57.0,138.0,10.0,11.0,61.0
75.0,65.0,10.0,10.0,35.0
88.0,51.0,10.0,10.0,56.0
45.0,108.0,11.0,9.0,69.0
41.0,71.0,8.0,11.0,65.0
85.0,81.0,10.0,12.0,87.0
38.0,94.0,9.0,11.0,99.0
92.0,56.0,8.0,9.0,53.0
47.0,95.0,8.0,10.0,51.0
110.0,95.0,10.0,8.0,66.0
77.0,89.0,8.0,13.0,52.0
57.0,73.0,8.0,8.0,42.0
47.0,98.0,8.0,9.0,85.0
41.0,40.0,10.0,12.0,41.0
59.0,96.0,9.0,8.0,52.0
109.0,99.0,10.0,10.0,75.0
43.0,188.0,10.0,10.0,65.0
64.0,105.0,10.0,9.0,43.0
50.0,104.0,11.0,11.0,49.0
92.0,245.0,10.0,10.0,62.0
64.0,157.0,10.0,9.0,74.0
62.0,119.0,10.0,9.0,43.0
42.0,133.0,11.0,10.0,50.0
57.0,142.0,10.0,10.0,32.0
89.0,110.0,8.0,9.0,101.0
172.0,83.0,9.0,11.0,81.0
62.0,38.0,9.0,10.0,46.0
178.0,117.0,9.0,10.0,40.0
67.0,127.0,10.0,10.0,55.0
94.0,110.0,11.0,12.0,90.0
65.0,62.0,8.0,10.0,81.0
103.0,65.0,8.0,11.0,55.0
164.0,94.0,9.0,9.0,62.0
36.0,47.0,10.0,10.0,104.0
29.0,78.0,8.0,10.0,60.0
82.0,58.0,11.0,10.0,87.0
65.0,242.0,9.0,10.0,62.0
104.0,37.0,10.0,11.0,52.0
178.0,94.0,10.0,21.0,103.0
108.0,87.0,10.0,10.0,76.0
100.0,124.0,9.0,9.0,64.0
129.0,138.0,9.0,10.0,52.0
66.0,141.0,10.0,10.0,79.0
81.0,62.0,8.0,11.0,117.0
123.0,111.0,9.0,9.0,33.0
78.0,144.0,9.0,10.0,52.0
69.0,290.0,10.0,8.0,76.0
69.0,58.0,8.0,10.0,50.0
105.0,130.0,9.0,10.0,38.0
52.0,117.0,8.0,9.0,53.0
68.0,84.0,9.0,10.0,77.0
34.0,57.0,10.0,10.0,80.0
91.0,112.0,12.0,10.0,65.0
51.0,79.0,8.0,9.0,57.0
70.0,98.0,9.0,10.0,60.0
50.0,162.0,10.0,10.0,28.0
114.0,148.0,10.0,9.0,95.0
75.0,72.0,10.0,10.0,39.0
64.0,99.0,11.0,9.0,64.0
81.0,225.0,8.0,10.0,54.0
96.0,96.0,10.0,10.0,32.0
60.0,155.0,9.0,10.0,36.0
29.0,74.0,9.0,10.0,60.0
67.0,100.0,9.0,10.0,124.0
124.0,65.0,9.0,8.0,103.0
157.0,94.0,10.0,10.0,96.0
82.0,110.0,9.0,9.0,30.0
133.0,450.0,9.0,9.0,54.0
69.0,106.0,10.0,9.0,52.0
212.0,119.0,9.0,10.0,60.0
98.0,98.0,9.0,9.0,41.0
87.0,198.0,10.0,10.0,70.0
87.0,140.0,10.0,10.0,75.0
51.0,145.0,10.0,9.0,90.0
26.0,92.0,9.0,10.0,32.0
118.0,91.0,11.0,10.0,30.0
84.0,365.0,11.0,9.0,52.0
70.0,109.0,10.0,9.0,61.0
143.0,89.0,10.0,9.0,60.0
78.0,166.0,9.0,8.0,42.0
106.0,224.0,10.0,8.0,51.0
57.0,124.0,8.0,10.0,60.0
103.0,272.0,10.0,10.0,38.0
68.0,94.0,10.0,9.0,54.0
37.0,118.0,10.0,9.0,65.0
50.0,146.0,8.0,10.0,66.0
81.0,178.0,12.0,10.0,52.0
135.0,106.0,9.0,9.0,81.0
48.0,142.0,10.0,9.0,92.0
261.0,95.0,10.0,9.0,39.0
168.0,159.0,10.0,13.0,45.0
97.0,101.0,10.0,9.0,72.0
58.0,200.0,9.0,9.0,33.0
98.0,134.0,9.0,8.0,101.0
71.0,127.0,10.0,9.0,70.0
49.0,185.0,10.0,10.0,92.0
133.0,271.0,10.0,10.0,46.0
115.0,347.0,9.0,9.0,69.0
118.0,236.0,11.0,10.0,85.0
171.0,173.0,10.0,10.0,63.0
126.0,290.0,8.0,10.0,50.0
117.0,158.0,9.0,10.0,68.0
93.0,154.0,10.0,10.0,42.0
131.0,422.0,8.0,10.0,48.0
76.0,352.0,9.0,8.0,56.0
115.0,317.0,8.0,10.0,52.0
60.0,190.0,8.0,11.0,45.0
86.0,250.0,10.0,9.0,95.0
145.0,264.0,13.0,10.0,55.0
78.0,238.0,8.0,9.0,49.0
121.0,250.0,10.0,10.0,105.0
115.0,165.0,10.0,9.0,61.0
70.0,234.0,11.0,9.0,57.0
85.0,121.0,9.0,9.0,53.0
79.0,344.0,9.0,9.0,95.0
42.0,168.0,10.0,12.0,44.0
70.0,345.0,11.0,9.0,54.0
102.0,244.0,10.0,8.0,172.0
118.0,70.0,10.0,9.0,70.0
70.0,233.0,11.0,8.0,66.0
140.0,84.0,10.0,10.0,83.0
60.0,335.0,10.0,8.0,117.0
24.0,112.0,9.0,9.0,42.0
84.0,169.0,10.0,8.0,37.0
219.0,134.0,10.0,9.0,42.0
129.0,195.0,9.0,10.0,111.0
117.0,285.0,10.0,10.0,47.0
75.0,331.0,9.0,9.0,108.0
137.0,197.0,9.0,10.0,132.0
333.0,122.0,9.0,9.0,68.0
92.0,202.0,11.0,9.0,67.0
100.0,115.0,10.0,10.0,82.0
114.0,138.0,10.0,9.0,139.0
211.0,306.0,11.0,10.0,76.0
244.0,427.0,10.0,9.0,57.0
96.0,149.0,9.0,8.0,178.0
113.0,135.0,13.0,10.0,36.0
133.0,48.0,10.0,9.0,56.0
127.0,236.0,10.0,9.0,28.0
27.0,176.0,8.0,9.0,32.0
78.0,284.0,9.0,8.0,71.0
127.0,248.0,10.0,10.0,39.0
86.0,141.0,10.0,10.0,43.0
72.0,398.0,10.0,10.0,85.0
117.0,392.0,10.0,10.0,69.0
259.0,756.0,9.0,9.0,39.0
108.0,499.0,9.0,10.0,91.0
218.0,153.0,10.0,10.0,54.0
81.0,59.0,10.0,9.0,55.0
234.0,103.0,9.0,10.0,34.0
126.0,173.0,10.0,9.0,91.0
155.0,729.0,9.0,10.0,58.0
99.0,336.0,9.0,10.0,65.0
196.0,263.0,8.0,10.0,110.0
101.0,295.0,9.0,9.0,44.0
217.0,137.0,9.0,9.0,159.0
103.0,123.0,9.0,10.0,111.0
105.0,211.0,8.0,13.0,114.0
85.0,331.0,10.0,8.0,91.0
108.0,207.0,9.0,9.0,157.0
184.0,330.0,11.0,9.0,40.0
102.0,135.0,9.0,10.0,52.0
76.0,60.0,12.0,8.0,36.0
160.0,83.0,9.0,9.0,93.0
217.0,143.0,10.0,10.0,97.0
95.0,189.0,9.0,10.0,63.0
137.0,144.0,8.0,9.0,76.0
239.0,206.0,10.0,10.0,31.0
174.0,122.0,10.0,9.0,70.0
130.0,133.0,9.0,10.0,91.0
182.0,177.0,10.0,8.0,55.0
158.0,377.0,9.0,9.0,134.0
168.0,238.0,10.0,10.0,76.0
152.0,123.0,10.0,11.0,78.0
153.0,270.0,10.0,10.0,37.0
200.0,280.0,10.0,11.0,64.0
187.0,168.0,10.0,9.0,81.0
230.0,124.0,9.0,9.0,122.0
158.0,201.0,9.0,10.0,91.0
196.0,196.0,10.0,9.0,40.0
158.0,599.0,10.0,10.0,103.0
185.0,193.0,10.0,10.0,102.0
165.0,65.0,10.0,9.0,85.0
121.0,181.0,9.0,8.0,95.0
101.0,96.0,9.0,8.0,49.0
224.0,163.0,12.0,9.0,117.0
196.0,146.0,9.0,8.0,112.0
172.0,259.0,10.0,8.0,83.0
179.0,183.0,10.0,12.0,53.0
183.0,103.0,9.0,9.0,111.0
210.0,20.0,9.0,9.0,60.0
240.0,314.0,10.0,8.0,115.0
254.0,220.0,8.0,9.0,66.0
213.0,310.0,9.0,9.0,71.0
456.0,702.0,10.0,9.0,64.0
207.0,217.0,10.0,8.0,60.0
103.0,89.0,8.0,10.0,82.0
248.0,119.0,9.0,10.0,86.0
290.0,277.0,10.0,10.0,82.0
188.0,218.0,8.0,10.0,100.0
123.0,166.0,10.0,9.0,56.0
281.0,96.0,10.0,8.0,76.0
202.0,176.0,10.0,9.0,121.0
328.0,277.0,9.0,9.0,61.0
183.0,89.0,10.0,10.0,86.0
261.0,214.0,9.0,10.0,68.0
194.0,335.0,9.0,10.0,139.0
297.0,184.0,8.0,9.0,85.0
166.0,131.0,9.0,10.0,31.0
161.0,134.0,9.0,10.0,49.0
141.0,221.0,8.0,9.0,178.0
136.0,191.0,10.0,10.0,36.0
150.0,103.0,8.0,9.0,82.0
381.0,32.0,9.0,8.0,65.0
458.0,139.0,8.0,8.0,74.0
259.0,311.0,10.0,9.0,89.0
458.0,180.0,9.0,9.0,87.0
126.0,91.0,9.0,10.0,54.0
199.0,221.0,10.0,9.0,106.0
501.0,166.0,9.0,8.0,78.0
342.0,43.0,10.0,10.0,128.0
313.0,105.0,8.0,9.0,169.0
126.0,172.0,8.0,10.0,77.0
218.0,153.0,10.0,8.0,91.0
146.0,80.0,8.0,10.0,86.0
131.0,178.0,9.0,10.0,148.0
390.0,250.0,9.0,9.0,61.0
328.0,132.0,10.0,10.0,99.0
229.0,108.0,10.0,9.0,116.0
176.0,154.0,8.0,10.0,100.0
135.0,71.0,10.0,10.0,90.0
108.0,141.0,12.0,9.0,71.0
200.0,192.0,10.0,9.0,52.0
191.0,193.0,9.0,10.0,52.0
180.0,168.0,8.0,10.0,99.0
130.0,163.0,10.0,9.0,41.0
331.0,174.0,8.0,10.0,165.0
183.0,106.0,9.0,11.0,81.0
299.0,114.0,10.0,10.0,83.0
100.0,254.0,9.0,9.0,93.0
474.0,126.0,10.0,8.0,105.0
603.0,262.0,11.0,9.0,98.0
168.0,234.0,9.0,8.0,208.0
438.0,90.0,8.0,9.0,77.0
247.0,240.0,9.0,8.0,55.0
400.0,78.0,9.0,10.0,80.0
345.0,146.0,10.0,9.0,92.0
390.0,79.0,8.0,9.0,55.0
126.0,81.0,10.0,9.0,119.0
286.0,197.0,10.0,9.0,59.0
785.0,244.0,9.0,10.0,58.0
174.0,112.0,9.0,10.0,118.0
419.0,339.0,10.0,9.0,129.0
192.0,100.0,10.0,10.0,62.0
921.0,169.0,8.0,10.0,125.0
849.0,77.0,9.0,9.0,140.0
280.0,173.0,10.0,12.0,79.0
403.0,227.0,9.0,8.0,106.0
108.0,154.0,10.0,10.0,119.0
169.0,169.0,8.0,9.0,71.0
582.0,72.0,10.0,9.0,93.0
150.0,275.0,10.0,9.0,62.0
284.0,303.0,10.0,9.0,68.0
294.0,511.0,13.0,9.0,82.0
250.0,202.0,9.0,10.0,105.0
263.0,123.0,10.0,10.0,81.0
213.0,235.0,10.0,9.0,136.0
202.0,97.0,10.0,9.0,99.0
39.0,206.0,10.0,10.0,74.0
471.0,508.0,10.0,9.0,116.0
293.0,96.0,10.0,9.0,89.0
388.0,198.0,10.0,10.0,80.0
256.0,223.0,10.0,9.0,117.0
195.0,189.0,10.0,10.0,67.0
673.0,133.0,8.0,10.0,205.0
513.0,199.0,8.0,9.0,98.0
252.0,152.0,11.0,9.0,86.0
78.0,144.0,10.0,14.0,59.0
154.0,126.0,9.0,10.0,137.0
235.0,323.0,8.0,10.0,95.0
432.0,186.0,10.0,9.0,158.0
350.0,203.0,9.0,8.0,95.0
212.0,143.0,10.0,13.0,98.0
106.0,259.0,8.0,9.0,115.0
393.0,82.0,9.0,9.0,125.0
212.0,331.0,10.0,8.0,77.0
320.0,135.0,8.0,10.0,59.0
546.0,315.0,9.0,8.0,129.0
219.0,71.0,10.0,8.0,72.0
220.0,124.0,10.0,10.0,95.0
133.0,151.0,9.0,10.0,199.0
123.0,201.0,9.0,10.0,44.0
234.0,420.0,10.0,10.0,95.0
122.0,326.0,10.0,10.0,170.0
234.0,93.0,9.0,10.0,119.0
137.0,83.0,8.0,8.0,85.0
170.0,189.0,10.0,9.0,114.0
91.0,137.0,10.0,9.0,70.0
334.0,201.0,10.0,8.0,62.0
146.0,103.0,8.0,9.0,150.0
175.0,95.0,9.0,9.0,110.0
224.0,105.0,9.0,14.0,166.0
510.0,152.0,9.0,10.0,61.0
121.0,286.0,10.0,8.0,271.0
351.0,378.0,9.0,9.0,123.0
171.0,56.0,10.0,9.0,193.0
229.0,177.0,10.0,9.0,131.0
197.0,176.0,9.0,9.0,185.0
164.0,129.0,10.0,10.0,82.0
175.0,66.0,9.0,10.0,118.0
240.0,120.0,10.0,9.0,92.0
431.0,222.0,9.0,10.0,187.0
139.0,401.0,9.0,10.0,114.0
148.0,184.0,9.0,9.0,71.0
239.0,208.0,10.0,9.0,38.0
223.0,102.0,9.0,8.0,142.0
218.0,357.0,10.0,10.0,139.0
165.0,89.0,10.0,9.0,94.0
556.0,157.0,10.0,9.0,97.0
183.0,160.0,8.0,9.0,83.0
78.0,75.0,10.0,10.0,60.0
302.0,218.0,10.0,8.0,92.0
128.0,214.0,8.0,10.0,71.0
342.0,206.0,9.0,10.0,118.0
304.0,171.0,9.0,9.0,235.0
197.0,100.0,9.0,8.0,154.0
39.0,141.0,9.0,10.0,159.0
311.0,269.0,9.0,10.0,246.0
294.0,91.0,9.0,10.0,120.0
266.0,137.0,8.0,10.0,171.0
107.0,170.0,10.0,9.0,181.0
161.0,92.0,9.0,9.0,82.0
111.0,79.0,10.0,9.0,184.0
285.0,106.0,9.0,9.0,233.0
51.0,134.0,11.0,9.0,126.0
174.0,155.0,9.0,9.0,231.0
221.0,149.0,10.0,10.0,61.0
203.0,69.0,8.0,10.0,239.0
374.0,142.0,11.0,8.0,60.0
76.0,150.0,11.0,10.0,84.0
197.0,81.0,10.0,9.0,102.0
322.0,77.0,8.0,10.0,77.0
128.0,83.0,9.0,9.0,96.0
319.0,203.0,11.0,10.0,89.0
179.0,161.0,9.0,9.0,131.0
141.0,242.0,8.0,9.0,71.0
406.0,254.0,10.0,10.0,119.0
266.0,88.0,9.0,9.0,262.0
185.0,58.0,8.0,9.0,109.0
142.0,211.0,10.0,9.0,96.0
379.0,375.0,8.0,12.0,144.0
165.0,153.0,9.0,10.0,129.0
212.0,129.0,9.0,8.0,117.0
235.0,129.0,9.0,10.0,144.0
62.0,139.0,9.0,10.0,72.0
184.0,158.0,10.0,9.0,167.0
369.0,115.0,9.0,10.0,229.0
35.0,193.0,9.0,12.0,78.0
285.0,161.0,9.0,8.0,119.0
316.0,127.0,10.0,9.0,58.0
188.0,177.0,10.0,10.0,189.0
186.0,67.0,10.0,10.0,55.0
209.0,123.0,8.0,9.0,142.0
172.0,198.0,9.0,10.0,159.0
157.0,216.0,10.0,9.0,114.0
225.0,301.0,9.0,10.0,97.0
255.0,252.0,10.0,9.0,107.0
409.0,88.0,10.0,10.0,148.0
173.0,191.0,10.0,10.0,68.0
80.0,98.0,9.0,10.0,213.0
231.0,94.0,10.0,10.0,80.0
208.0,49.0,8.0,10.0,138.0
246.0,150.0,9.0,10.0,137.0
336.0,65.0,10.0,10.0,99.0
337.0,65.0,9.0,11.0,168.0
377.0,30.0,10.0,10.0,96.0
484.0,142.0,9.0,10.0,100.0
239.0,159.0,9.0,9.0,341.0
252.0,79.0,10.0,9.0,94.0
163.0,147.0,10.0,10.0,156.0
95.0,76.0,9.0,10.0,84.0
184.0,80.0,10.0,9.0,135.0
193.0,210.0,8.0,9.0,78.0
204.0,138.0,8.0,9.0,255.0
77.0,97.0,9.0,8.0,205.0
166.0,139.0,9.0,8.0,187.0
131.0,65.0,9.0,9.0,120.0
120.0,115.0,10.0,9.0,126.0
80.0,247.0,11.0,9.0,130.0
103.0,207.0,10.0,10.0,162.0
172.0,82.0,10.0,8.0,320.0
392.0,106.0,10.0,9.0,107.0
153.0,115.0,9.0,10.0,293.0
243.0,176.0,10.0,9.0,200.0
168.0,143.0,8.0,10.0,113.0
57.0,192.0,10.0,10.0,85.0
299.0,85.0,10.0,10.0,98.0
194.0,194.0,9.0,9.0,82.0
293.0,254.0,10.0,10.0,100.0
138.0,127.0,8.0,9.0,208.0
79.0,96.0,10.0,9.0,134.0
71.0,78.0,9.0,9.0,144.0
141.0,150.0,8.0,11.0,131.0
101.0,224.0,8.0,9.0,102.0
84.0,88.0,10.0,9.0,302.0
259.0,466.0,10.0,8.0,88.0
247.0,90.0,11.0,9.0,141.0
92.0,149.0,9.0,9.0,159.0
124.0,134.0,9.0,10.0,192.0
194.0,73.0,10.0,9.0,180.0
288.0,125.0,9.0,8.0,161.0
161.0,169.0,8.0,9.0,131.0
535.0,283.0,10.0,10.0,179.0
185.0,67.0,9.0,9.0,141.0
79.0,147.0,10.0,10.0,333.0
99.0,146.0,11.0,10.0,105.0
199.0,155.0,10.0,10.0,118.0
278.0,78.0,9.0,10.0,87.0
110.0,119.0,10.0,10.0,248.0
124.0,269.0,9.0,8.0,235.0
192.0,181.0,9.0,8.0,131.0
252.0,132.0,9.0,9.0,123.0
259.0,101.0,9.0,10.0,100.0
195.0,91.0,9.0,8.0,237.0
102.0,314.0,8.0,9.0,172.0
99.0,155.0,8.0,9.0,177.0
171.0,125.0,9.0,11.0,250.0
248.0,401.0,10.0,10.0,124.0
104.0,161.0,10.0,10.0,180.0
278.0,228.0,9.0,9.0,240.0
314.0,107.0,9.0,8.0,154.0
297.0,106.0,9.0,9.0,150.0
231.0,87.0,10.0,9.0,113.0
189.0,138.0,9.0,10.0,66.0
131.0,182.0,9.0,10.0,119.0
227.0,169.0,10.0,9.0,319.0
418.0,284.0,9.0,10.0,204.0
267.0,150.0,10.0,11.0,233.0
276.0,157.0,9.0,9.0,313.0
81.0,154.0,10.0,12.0,193.0
299.0,86.0,9.0,8.0,301.0
153.0,147.0,10.0,10.0,283.0
218.0,223.0,8.0,9.0,141.0
150.0,76.0,10.0,12.0,130.0
92.0,213.0,9.0,10.0,157.0
244.0,110.0,9.0,8.0,235.0
101.0,143.0,9.0,9.0,242.0
65.0,64.0,10.0,9.0,193.0
142.0,96.0,10.0,8.0,167.0
132.0,118.0,10.0,8.0,223.0
266.0,276.0,10.0,9.0,169.0
214.0,105.0,8.0,9.0,177.0
145.0,147.0,10.0,9.0,312.0
178.0,87.0,9.0,10.0,323.0
383.0,111.0,9.0,9.0,855.0
208.0,112.0,9.0,12.0,365.0
360.0,131.0,9.0,10.0,199.0
472.0,177.0,10.0,10.0,444.0
191.0,356.0,9.0,10.0,114.0
115.0,86.0,8.0,10.0,208.0
184.0,123.0,10.0,9.0,162.0
150.0,150.0,9.0,10.0,117.0
159.0,57.0,9.0,9.0,281.0
344.0,137.0,9.0,8.0,370.0
100.0,101.0,10.0,10.0,288.0
107.0,160.0,10.0,8.0,334.0
212.0,130.0,9.0,10.0,262.0
146.0,244.0,9.0,9.0,105.0
57.0,86.0,10.0,9.0,200.0
260.0,297.0,8.0,10.0,140.0
107.0,112.0,10.0,9.0,322.0
227.0,27.0,9.0,8.0,229.0
82.0,94.0,9.0,8.0,169.0
273.0,76.0,10.0,10.0,95.0
178.0,77.0,9.0,9.0,170.0
97.0,247.0,10.0,10.0,290.0
117.0,120.0,10.0,10.0,206.0
95.0,18.0,8.0,12.0,233.0
141.0,286.0,10.0,9.0,276.0
96.0,170.0,9.0,9.0,369.0
237.0,235.0,9.0,12.0,406.0
162.0,112.0,8.0,10.0,323.0
229.0,51.0,10.0,11.0,196.0
153.0,182.0,10.0,10.0,211.0
102.0,138.0,10.0,9.0,400.0
66.0,68.0,10.0,10.0,324.0
203.0,223.0,10.0,10.0,212.0
232.0,155.0,9.0,9.0,200.0
281.0,133.0,9.0,10.0,355.0
197.0,110.0,9.0,10.0,197.0
53.0,231.0,9.0,8.0,166.0
227.0,196.0,10.0,10.0,128.0
172.0,72.0,10.0,9.0,210.0
120.0,158.0,9.0,10.0,1189.0
150.0,141.0,9.0,10.0,172.0
65.0,140.0,8.0,9.0,427.0
155.0,185.0,10.0,9.0,157.0
239.0,92.0,9.0,8.0,603.0
72.0,163.0,9.0,9.0,195.0
221.0,331.0,10.0,10.0,289.0
126.0,108.0,9.0,8.0,440.0
61.0,113.0,9.0,10.0,100.0
170.0,170.0,10.0,10.0,247.0
93.0,63.0,9.0,8.0,38.0
105.0,354.0,11.0,9.0,814.0
153.0,246.0,9.0,8.0,307.0
77.0,108.0,9.0,9.0,973.0
158.0,68.0,9.0,9.0,551.0
267.0,147.0,10.0,9.0,313.0
147.0,147.0,10.0,9.0,237.0
86.0,160.0,9.0,9.0,133.0
176.0,104.0,9.0,8.0,171.0
84.0,78.0,10.0,8.0,304.0
91.0,84.0,10.0,11.0,194.0
70.0,178.0,8.0,10.0,235.0
126.0,132.0,10.0,10.0,192.0
182.0,115.0,9.0,9.0,124.0
142.0,86.0,8.0,9.0,130.0
93.0,209.0,9.0,9.0,278.0
104.0,142.0,10.0,8.0,199.0
178.0,69.0,9.0,10.0,269.0
165.0,77.0,10.0,10.0,439.0
61.0,308.0,9.0,9.0,116.0
141.0,148.0,10.0,8.0,584.0
158.0,103.0,9.0,10.0,131.0
387.0,76.0,10.0,10.0,507.0
110.0,128.0,10.0,9.0,333.0
109.0,87.0,10.0,9.0,264.0
137.0,102.0,9.0,10.0,304.0
184.0,134.0,10.0,10.0,207.0
99.0,258.0,10.0,10.0,232.0
44.0,161.0,10.0,9.0,850.0
203.0,156.0,11.0,9.0,635.0
122.0,106.0,9.0,10.0,307.0
120.0,97.0,10.0,9.0,368.0
268.0,149.0,9.0,9.0,83.0
182.0,142.0,10.0,10.0,130.0
142.0,147.0,10.0,10.0,167.0
282.0,167.0,9.0,9.0,505.0
128.0,156.0,10.0,10.0,166.0
167.0,153.0,8.0,10.0,87.0
247.0,83.0,10.0,8.0,911.0
73.0,225.0,10.0,10.0,127.0
72.0,184.0,9.0,8.0,94.0
157.0,422.0,8.0,10.0,356.0
92.0,75.0,10.0,10.0,235.0
142.0,149.0,9.0,10.0,428.0
79.0,109.0,10.0,9.0,196.0
105.0,205.0,8.0,9.0,323.0
81.0,191.0,10.0,9.0,418.0
45.0,157.0,8.0,8.0,241.0
104.0,245.0,9.0,9.0,487.0
61.0,150.0,9.0,8.0,299.0
106.0,114.0,9.0,9.0,409.0
217.0,244.0,10.0,10.0,978.0
117.0,56.0,10.0,9.0,184.0
64.0,225.0,9.0,10.0,450.0
138.0,225.0,9.0,10.0,453.0
121.0,102.0,10.0,10.0,116.0
44.0,154.0,9.0,9.0,595.0
407.0,279.0,10.0,8.0,431.0
156.0,41.0,9.0,9.0,247.0
128.0,186.0,10.0,9.0,258.0
111.0,175.0,9.0,9.0,279.0
122.0,159.0,10.0,10.0,242.0
85.0,252.0,9.0,8.0,212.0
131.0,234.0,10.0,9.0,228.0
153.0,173.0,8.0,10.0,416.0
136.0,88.0,9.0,10.0,139.0
129.0,256.0,9.0,10.0,288.0
109.0,104.0,10.0,10.0,1015.0
143.0,83.0,9.0,10.0,215.0
111.0,115.0,9.0,10.0,392.0
150.0,124.0,10.0,8.0,339.0
66.0,162.0,10.0,10.0,426.0
119.0,248.0,8.0,10.0,272.0
167.0,188.0,9.0,8.0,44.0
56.0,196.0,10.0,10.0,203.0
106.0,49.0,10.0,8.0,556.0
98.0,111.0,10.0,9.0,408.0
41.0,152.0,10.0,10.0,159.0
135.0,71.0,10.0,9.0,293.0
86.0,261.0,9.0,10.0,424.0
69.0,141.0,8.0,9.0,315.0
92.0,101.0,10.0,9.0,317.0
80.0,88.0,10.0,10.0,557.0
61.0,295.0,10.0,9.0,155.0
132.0,68.0,8.0,9.0,164.0
37.0,174.0,9.0,10.0,150.0
142.0,158.0,9.0,9.0,243.0
53.0,133.0,8.0,9.0,198.0
177.0,172.0,10.0,8.0,330.0
197.0,228.0,10.0,8.0,169.0
87.0,145.0,10.0,9.0,166.0
245.0,156.0,9.0,9.0,397.0
85.0,136.0,9.0,9.0,222.0
148.0,139.0,9.0,10.0,316.0
153.0,167.0,15.0,9.0,549.0
217.0,104.0,10.0,10.0,297.0
154.0,237.0,9.0,11.0,89.0
63.0,200.0,10.0,12.0,355.0
182.0,127.0,9.0,11.0,446.0
54.0,85.0,9.0,10.0,483.0
139.0,111.0,9.0,9.0,470.0
60.0,210.0,9.0,8.0,1067.0
77.0,100.0,10.0,10.0,737.0
109.0,179.0,9.0,9.0,371.0
166.0,209.0,10.0,9.0,558.0
122.0,178.0,9.0,9.0,178.0
70.0,130.0,11.0,10.0,161.0
99.0,183.0,11.0,9.0,321.0
189.0,203.0,9.0,11.0,264.0
121.0,122.0,10.0,9.0,157.0
110.0,182.0,10.0,10.0,1107.0
63.0,108.0,10.0,9.0,451.0
73.0,90.0,9.0,9.0,910.0
69.0,145.0,10.0,11.0,981.0
58.0,169.0,10.0,10.0,466.0
70.0,243.0,10.0,9.0,339.0
46.0,356.0,13.0,9.0,106.0
62.0,114.0,9.0,9.0,261.0
103.0,122.0,10.0,10.0,233.0
106.0,120.0,9.0,10.0,281.0
102.0,74.0,9.0,10.0,525.0
53.0,104.0,10.0,10.0,287.0
80.0,96.0,8.0,9.0,259.0
192.0,191.0,10.0,9.0,77.0
135.0,98.0,9.0,10.0,159.0
35.0,67.0,11.0,9.0,86.0
17.0,398.0,8.0,8.0,343.0
95.0,141.0,10.0,9.0,825.0
207.0,97.0,8.0,9.0,736.0
295.0,142.0,9.0,10.0,1087.0
59.0,82.0,9.0,9.0,538.0
79.0,141.0,10.0,9.0,457.0
89.0,97.0,10.0,10.0,285.0
69.0,131.0,10.0,9.0,242.0
70.0,130.0,10.0,10.0,552.0
125.0,231.0,8.0,10.0,238.0
87.0,177.0,9.0,9.0,274.0
115.0,150.0,10.0,8.0,365.0
90.0,162.0,10.0,9.0,360.0
77.0,101.0,9.0,9.0,393.0
112.0,289.0,10.0,11.0,145.0
70.0,165.0,8.0,10.0,437.0
136.0,258.0,10.0,10.0,479.0
168.0,336.0,10.0,9.0,229.0
71.0,263.0,10.0,10.0,209.0
100.0,27.0,9.0,10.0,350.0
47.0,187.0,10.0,8.0,463.0
170.0,92.0,9.0,9.0,213.0
123.0,159.0,10.0,10.0,132.0
188.0,95.0,10.0,8.0,763.0
58.0,79.0,9.0,9.0,263.0
89.0,137.0,10.0,9.0,286.0
98.0,151.0,9.0,10.0,918.0
15.0,172.0,9.0,10.0,576.0
194.0,202.0,8.0,9.0,442.0
90.0,179.0,10.0,8.0,120.0
357.0,180.0,10.0,11.0,341.0
94.0,112.0,9.0,10.0,204.0
517.0,152.0,10.0,9.0,281.0
143.0,69.0,9.0,8.0,180.0
127.0,103.0,9.0,10.0,347.0
108.0,78.0,8.0,8.0,214.0
82.0,108.0,10.0,11.0,383.0
320.0,81.0,9.0,9.0,611.0
191.0,84.0,10.0,9.0,158.0
143.0,156.0,10.0,10.0,364.0
213.0,93.0,9.0,10.0,249.0
267.0,151.0,8.0,8.0,264.0
269.0,109.0,9.0,11.0,178.0
89.0,98.0,9.0,10.0,226.0
188.0,288.0,10.0,12.0,123.0
228.0,111.0,9.0,8.0,258.0
136.0,240.0,9.0,9.0,267.0
84.0,110.0,10.0,10.0,206.0
170.0,111.0,9.0,9.0,227.0
388.0,210.0,9.0,10.0,319.0
98.0,64.0,9.0,10.0,170.0
310.0,117.0,8.0,10.0,173.0
154.0,152.0,9.0,8.0,332.0
250.0,113.0,10.0,9.0,177.0
118.0,81.0,10.0,9.0,305.0
100.0,25.0,10.0,10.0,245.0
93.0,53.0,10.0,10.0,123.0
155.0,113.0,9.0,10.0,143.0
66.0,181.0,8.0,8.0,246.0
156.0,559.0,9.0,10.0,153.0
119.0,67.0,8.0,9.0,286.0
75.0,168.0,11.0,9.0,193.0
135.0,160.0,9.0,10.0,246.0
93.0,292.0,9.0,8.0,214.0
92.0,143.0,10.0,9.0,172.0
112.0,135.0,9.0,9.0,119.0
131.0,147.0,9.0,11.0,181.0
66.0,233.0,10.0,8.0,85.0
136.0,85.0,8.0,9.0,230.0
105.0,158.0,10.0,10.0,370.0
233.0,94.0,9.0,10.0,216.0
97.0,181.0,10.0,10.0,212.0
94.0,133.0,10.0,10.0,169.0
240.0,142.0,10.0,9.0,290.0
93.0,194.0,10.0,9.0,201.0
244.0,100.0,9.0,9.0,163.0
64.0,271.0,10.0,9.0,168.0
138.0,131.0,11.0,9.0,149.0
108.0,164.0,10.0,10.0,243.0
254.0,270.0,8.0,9.0,46.0
123.0,92.0,9.0,9.0,194.0
287.0,147.0,9.0,10.0,187.0
126.0,183.0,9.0,9.0,243.0
276.0,137.0,10.0,10.0,164.0
130.0,217.0,17.0,9.0,179.0
358.0,175.0,8.0,10.0,167.0
223.0,101.0,9.0,10.0,163.0
236.0,146.0,8.0,9.0,266.0
131.0,126.0,9.0,10.0,195.0
149.0,150.0,10.0,8.0,263.0
202.0,166.0,9.0,9.0,221.0
350.0,90.0,10.0,9.0,229.0
67.0,94.0,10.0,10.0,180.0
111.0,121.0,8.0,10.0,169.0
121.0,241.0,8.0,10.0,404.0
194.0,532.0,10.0,9.0,267.0
73.0,104.0,9.0,12.0,190.0
71.0,141.0,8.0,8.0,100.0
58.0,247.0,10.0,10.0,157.0
125.0,180.0,9.0,10.0,168.0
393.0,252.0,10.0,9.0,234.0
120.0,82.0,9.0,9.0,149.0
53.0,137.0,9.0,9.0,193.0
110.0,235.0,8.0,10.0,219.0
86.0,176.0,8.0,9.0,155.0
84.0,151.0,9.0,9.0,230.0
81.0,171.0,10.0,10.0,149.0
105.0,314.0,11.0,10.0,167.0
165.0,128.0,9.0,9.0,34.0
272.0,268.0,9.0,10.0,260.0
144.0,132.0,9.0,10.0,184.0
362.0,121.0,9.0,10.0,220.0
196.0,152.0,8.0,9.0,108.0
186.0,333.0,8.0,10.0,213.0
259.0,101.0,9.0,9.0,191.0
140.0,112.0,8.0,10.0,151.0
210.0,336.0,8.0,9.0,228.0
179.0,87.0,9.0,9.0,169.0
278.0,111.0,9.0,9.0,199.0
151.0,122.0,10.0,10.0,211.0
159.0,102.0,9.0,9.0,205.0
284.0,110.0,9.0,9.0,336.0
192.0,242.0,9.0,9.0,278.0
147.0,213.0,9.0,10.0,399.0
68.0,91.0,9.0,10.0,188.0
173.0,320.0,10.0,9.0,241.0
112.0,210.0,10.0,9.0,311.0
362.0,261.0,9.0,9.0,296.0
175.0,217.0,9.0,9.0,289.0
173.0,103.0,9.0,10.0,420.0
86.0,157.0,8.0,9.0,330.0
129.0,308.0,9.0,10.0,151.0
250.0,322.0,8.0,10.0,259.0
137.0,213.0,9.0,10.0,303.0
108.0,144.0,9.0,10.0,206.0
154.0,196.0,8.0,11.0,235.0
59.0,150.0,9.0,8.0,265.0
175.0,289.0,9.0,8.0,128.0
305.0,176.0,9.0,8.0,199.0
85.0,186.0,10.0,10.0,98.0
126.0,126.0,9.0,9.0,619.0
146.0,821.0,9.0,9.0,222.0
97.0,196.0,9.0,9.0,420.0
92.0,184.0,8.0,10.0,206.0
140.0,89.0,8.0,9.0,206.0
164.0,168.0,9.0,8.0,224.0
73.0,402.0,11.0,8.0,177.0
160.0,149.0,10.0,9.0,438.0
98.0,190.0,9.0,9.0,351.0
158.0,370.0,10.0,9.0,177.0
74.0,152.0,9.0,10.0,303.0
79.0,26.0,9.0,10.0,140.0
124.0,129.0,10.0,9.0,158.0
132.0,187.0,9.0,9.0,234.0
131.0,229.0,9.0,9.0,147.0
281.0,818.0,9.0,10.0,174.0
136.0,87.0,9.0,9.0,452.0
164.0,139.0,10.0,10.0,364.0
179.0,133.0,10.0,10.0,328.0
131.0,102.0,9.0,10.0,173.0
214.0,295.0,9.0,10.0,738.0
89.0,118.0,10.0,9.0,325.0
68.0,121.0,9.0,10.0,254.0
145.0,412.0,9.0,10.0,446.0
168.0,184.0,10.0,8.0,198.0
111.0,184.0,9.0,10.0,602.0
97.0,328.0,10.0,10.0,206.0
91.0,136.0,8.0,8.0,219.0
103.0,301.0,9.0,10.0,206.0
180.0,130.0,8.0,9.0,214.0
99.0,155.0,10.0,9.0,467.0
81.0,105.0,9.0,10.0,460.0
104.0,276.0,10.0,10.0,314.0
277.0,192.0,9.0,8.0,581.0
86.0,201.0,10.0,10.0,365.0
102.0,345.0,9.0,10.0,159.0
107.0,183.0,9.0,10.0,191.0
121.0,238.0,9.0,8.0,278.0
253.0,121.0,9.0,8.0,190.0
142.0,258.0,8.0,10.0,140.0
118.0,51.0,10.0,10.0,185.0
219.0,161.0,9.0,8.0,411.0
197.0,209.0,10.0,9.0,308.0
68.0,154.0,10.0,10.0,314.0
329.0,134.0,10.0,9.0,302.0
102.0,117.0,10.0,9.0,171.0
78.0,174.0,10.0,9.0,167.0
339.0,162.0,8.0,8.0,205.0
72.0,144.0,9.0,9.0,200.0
112.0,135.0,9.0,9.0,436.0
62.0,60.0,10.0,9.0,375.0
106.0,48.0,9.0,9.0,155.0
209.0,144.0,11.0,10.0,275.0
241.0,119.0,8.0,9.0,284.0
93.0,101.0,11.0,10.0,239.0
409.0,191.0,8.0,10.0,382.0
132.0,63.0,10.0,9.0,393.0
131.0,107.0,9.0,10.0,301.0
157.0,122.0,9.0,9.0,418.0
83.0,138.0,10.0,9.0,412.0
163.0,270.0,9.0,11.0,273.0
172.0,276.0,10.0,8.0,234.0
216.0,111.0,10.0,8.0,443.0
161.0,170.0,9.0,9.0,499.0
229.0,202.0,10.0,11.0,165.0
163.0,151.0,11.0,10.0,223.0
105.0,130.0,9.0,9.0,223.0
39.0,125.0,10.0,8.0,206.0
120.0,124.0,10.0,9.0,144.0
130.0,224.0,9.0,9.0,243.0
134.0,173.0,10.0,9.0,224.0
105.0,213.0,10.0,10.0,157.0
167.0,176.0,9.0,10.0,250.0
108.0,203.0,8.0,10.0,379.0
274.0,145.0,9.0,10.0,373.0
116.0,214.0,10.0,9.0,213.0
128.0,127.0,9.0,10.0,126.0
122.0,97.0,8.0,11.0,225.0
175.0,163.0,9.0,8.0,186.0
97.0,167.0,9.0,9.0,211.0
83.0,338.0,10.0,9.0,119.0
208.0,25.0,10.0,11.0,180.0
113.0,156.0,9.0,9.0,299.0
198.0,160.0,10.0,10.0,170.0
92.0,156.0,9.0,10.0,170.0
325.0,174.0,10.0,9.0,423.0
106.0,121.0,9.0,9.0,237.0
98.0,165.0,10.0,9.0,126.0
95.0,343.0,11.0,8.0,193.0
30.0,137.0,9.0,9.0,202.0
120.0,108.0,10.0,10.0,182.0
433.0,163.0,9.0,8.0,249.0
180.0,128.0,10.0,10.0,140.0
386.0,201.0,10.0,10.0,121.0
92.0,207.0,9.0,8.0,209.0
140.0,139.0,10.0,8.0,307.0
130.0,191.0,10.0,8.0,320.0
87.0,245.0,8.0,8.0,197.0
669.0,158.0,10.0,10.0,75.0
111.0,228.0,9.0,9.0,204.0
103.0,130.0,9.0,10.0,125.0
496.0,165.0,11.0,8.0,194.0
48.0,136.0,9.0,9.0,157.0
208.0,229.0,8.0,10.0,126.0
108.0,155.0,9.0,9.0,165.0
124.0,114.0,9.0,10.0,478.0
262.0,189.0,10.0,10.0,141.0
159.0,159.0,10.0,10.0,334.0
114.0,158.0,10.0,10.0,260.0
123.0,151.0,9.0,9.0,230.0
409.0,132.0,10.0,9.0,144.0
100.0,149.0,9.0,10.0,190.0
117.0,134.0,10.0,9.0,193.0
319.0,125.0,8.0,10.0,500.0
177.0,155.0,10.0,9.0,158.0
201.0,185.0,8.0,10.0,156.0
494.0,128.0,10.0,10.0,146.0
149.0,153.0,9.0,9.0,170.0
94.0,142.0,10.0,10.0,197.0
43.0,139.0,10.0,10.0,271.0
219.0,140.0,10.0,10.0,141.0
196.0,207.0,10.0,10.0,141.0
596.0,176.0,10.0,11.0,191.0
118.0,115.0,10.0,8.0,239.0
144.0,124.0,9.0,10.0,169.0
116.0,112.0,10.0,9.0,168.0
612.0,49.0,10.0,10.0,560.0
268.0,153.0,8.0,8.0,385.0
210.0,102.0,10.0,9.0,404.0
257.0,95.0,10.0,10.0,178.0
166.0,164.0,10.0,10.0,169.0
134.0,257.0,9.0,9.0,182.0
60.0,162.0,10.0,9.0,121.0
258.0,180.0,9.0,9.0,175.0
351.0,158.0,9.0,10.0,323.0
178.0,175.0,8.0,8.0,164.0
244.0,175.0,10.0,10.0,623.0
146.0,121.0,10.0,9.0,238.0
126.0,142.0,10.0,10.0,146.0
138.0,157.0,8.0,9.0,176.0
115.0,142.0,9.0,9.0,141.0
162.0,169.0,10.0,10.0,195.0
145.0,230.0,9.0,10.0,166.0
216.0,191.0,10.0,9.0,181.0
133.0,196.0,10.0,10.0,166.0
227.0,213.0,10.0,10.0,426.0
169.0,138.0,9.0,9.0,180.0
149.0,187.0,8.0,9.0,135.0
103.0,235.0,9.0,9.0,270.0
171.0,141.0,10.0,10.0,204.0
158.0,169.0,10.0,10.0,194.0
46.0,140.0,10.0,9.0,229.0
116.0,173.0,10.0,9.0,774.0
100.0,198.0,9.0,8.0,201.0
34.0,135.0,10.0,8.0,357.0
33.0,232.0,9.0,10.0,203.0
119.0,151.0,9.0,10.0,168.0
99.0,134.0,9.0,9.0,184.0
147.0,150.0,10.0,10.0,197.0
127.0,86.0,9.0,9.0,154.0
140.0,160.0,8.0,12.0,136.0
122.0,143.0,9.0,9.0,153.0
103.0,80.0,10.0,10.0,92.0
23.0,112.0,10.0,10.0,288.0
43.0,165.0,8.0,8.0,209.0
51.0,150.0,9.0,9.0,112.0
164.0,163.0,8.0,10.0,355.0
109.0,168.0,9.0,10.0,178.0
213.0,124.0,10.0,10.0,263.0
226.0,162.0,9.0,10.0,132.0
127.0,205.0,10.0,9.0,224.0
198.0,112.0,10.0,9.0,190.0
124.0,151.0,10.0,9.0,225.0
163.0,147.0,9.0,10.0,315.0
205.0,143.0,9.0,10.0,168.0
154.0,105.0,11.0,10.0,127.0
84.0,104.0,8.0,9.0,179.0
70.0,148.0,8.0,10.0,128.0
182.0,158.0,10.0,9.0,128.0
142.0,139.0,9.0,10.0,198.0
173.0,194.0,10.0,9.0,151.0
184.0,161.0,9.0,10.0,654.0
133.0,183.0,9.0,10.0,183.0
161.0,154.0,9.0,9.0,137.0
134.0,182.0,9.0,9.0,186.0
142.0,113.0,11.0,10.0,201.0
196.0,219.0,9.0,10.0,218.0
322.0,169.0,10.0,10.0,170.0
159.0,112.0,10.0,10.0,160.0
170.0,161.0,10.0,9.0,148.0
158.0,180.0,9.0,10.0,167.0
130.0,133.0,9.0,10.0,174.0
189.0,195.0,9.0,9.0,239.0
131.0,169.0,10.0,10.0,129.0
173.0,173.0,9.0,9.0,258.0
133.0,192.0,8.0,9.0,158.0
159.0,168.0,10.0,11.0,283.0
127.0,116.0,9.0,9.0,182.0
156.0,123.0,10.0,10.0,182.0
152.0,151.0,10.0,9.0,197.0
173.0,158.0,9.0,8.0,127.0
158.0,135.0,10.0,9.0,193.0
169.0,208.0,10.0,10.0,162.0
240.0,97.0,9.0,10.0,298.0
164.0,243.0,8.0,9.0,265.0
132.0,313.0,10.0,9.0,133.0
135.0,189.0,10.0,10.0,223.0
124.0,122.0,9.0,10.0,312.0
141.0,189.0,9.0,9.0,175.0
158.0,175.0,10.0,9.0,187.0
201.0,194.0,9.0,8.0,146.0
155.0,188.0,10.0,10.0,246.0
165.0,173.0,10.0,9.0,189.0
147.0,183.0,10.0,10.0,250.0
122.0,118.0,10.0,9.0,181.0
165.0,144.0,9.0,9.0,190.0
154.0,151.0,9.0,10.0,190.0
156.0,202.0,11.0,8.0,156.0
166.0,156.0,9.0,9.0,132.0
152.0,141.0,9.0,9.0,168.0
261.0,225.0,10.0,8.0,111.0
139.0,191.0,9.0,9.0,124.0
138.0,199.0,8.0,9.0,149.0
153.0,231.0,9.0,10.0,234.0
29.0,120.0,10.0,10.0,208.0
151.0,138.0,9.0,9.0,489.0
104.0,113.0,10.0,9.0,696.0
149.0,254.0,8.0,8.0,390.0
148.0,198.0,10.0,9.0,167.0
141.0,164.0,9.0,9.0,226.0
129.0,138.0,9.0,9.0,194.0
125.0,137.0,9.0,10.0,213.0
148.0,121.0,10.0,10.0,237.0
266.0,100.0,9.0,10.0,205.0
117.0,254.0,10.0,8.0,221.0
192.0,269.0,8.0,9.0,218.0
134.0,127.0,10.0,9.0,187.0
196.0,159.0,10.0,8.0,340.0
109.0,141.0,10.0,10.0,396.0
63.0,156.0,9.0,10.0,176.0
152.0,192.0,9.0,10.0,226.0
197.0,249.0,8.0,9.0,149.0
173.0,336.0,10.0,10.0,194.0
135.0,215.0,9.0,9.0,218.0
163.0,248.0,10.0,8.0,280.0
162.0,227.0,10.0,9.0,227.0
117.0,147.0,9.0,9.0,151.0
134.0,306.0,9.0,10.0,205.0
159.0,242.0,10.0,9.0,264.0
136.0,176.0,10.0,10.0,207.0
199.0,203.0,9.0,10.0,175.0
148.0,182.0,10.0,9.0,183.0
142.0,158.0,9.0,10.0,171.0
130.0,201.0,9.0,10.0,287.0
125.0,211.0,10.0,10.0,205.0
194.0,161.0,9.0,10.0,246.0
237.0,203.0,9.0,8.0,218.0
132.0,69.0,10.0,8.0,433.0
108.0,125.0,9.0,10.0,197.0
263.0,155.0,8.0,10.0,163.0
184.0,149.0,9.0,8.0,115.0
110.0,149.0,9.0,9.0,144.0
203.0,192.0,10.0,10.0,416.0
190.0,167.0,10.0,10.0,176.0
132.0,212.0,9.0,10.0,327.0
104.0,52.0,10.0,10.0,210.0
151.0,143.0,10.0,9.0,166.0
264.0,153.0,9.0,10.0,225.0
134.0,107.0,10.0,9.0,1009.0
158.0,108.0,10.0,8.0,300.0
131.0,180.0,10.0,9.0,184.0
225.0,259.0,9.0,9.0,426.0
160.0,163.0,9.0,10.0,312.0
198.0,240.0,10.0,10.0,207.0
187.0,146.0,10.0,10.0,742.0
128.0,149.0,9.0,10.0,161.0
139.0,257.0,9.0,10.0,186.0
196.0,334.0,10.0,9.0,581.0
111.0,203.0,10.0,10.0,259.0
140.0,75.0,9.0,9.0,195.0
257.0,146.0,9.0,11.0,297.0
218.0,190.0,9.0,10.0,240.0
145.0,189.0,10.0,10.0,247.0
108.0,297.0,9.0,10.0,225.0
88.0,233.0,8.0,8.0,485.0
95.0,129.0,10.0,8.0,247.0
118.0,312.0,9.0,10.0,189.0
106.0,289.0,9.0,9.0,329.0
46.0,193.0,10.0,10.0,407.0
128.0,143.0,10.0,10.0,1003.0
92.0,192.0,9.0,9.0,243.0
110.0,187.0,11.0,13.0,312.0
113.0,169.0,10.0,8.0,218.0
117.0,238.0,9.0,10.0,72.0
93.0,168.0,10.0,10.0,312.0
105.0,181.0,10.0,10.0,231.0
114.0,172.0,10.0,8.0,447.0
135.0,187.0,8.0,8.0,216.0
100.0,178.0,9.0,9.0,240.0
106.0,326.0,9.0,8.0,340.0
123.0,143.0,8.0,10.0,225.0
107.0,189.0,10.0,9.0,280.0
114.0,160.0,9.0,10.0,124.0
127.0,308.0,11.0,10.0,261.0
101.0,141.0,8.0,10.0,633.0
244.0,266.0,10.0,8.0,183.0
92.0,134.0,9.0,11.0,205.0
129.0,131.0,10.0,8.0,270.0
107.0,230.0,10.0,9.0,718.0
85.0,130.0,11.0,10.0,269.0
169.0,191.0,8.0,8.0,218.0
162.0,369.0,10.0,11.0,179.0
135.0,472.0,10.0,10.0,127.0
114.0,307.0,10.0,10.0,263.0
203.0,160.0,10.0,9.0,300.0
127.0,154.0,10.0,9.0,533.0
219.0,138.0,8.0,9.0,166.0
123.0,245.0,9.0,10.0,312.0
116.0,271.0,10.0,8.0,599.0
129.0,240.0,10.0,8.0,308.0
182.0,274.0,8.0,8.0,388.0
112.0,229.0,10.0,10.0,266.0
146.0,493.0,10.0,9.0,314.0
98.0,186.0,10.0,8.0,246.0
84.0,174.0,8.0,9.0,732.0
131.0,464.0,9.0,10.0,232.0
114.0,872.0,9.0,8.0,338.0
198.0,402.0,10.0,9.0,249.0
280.0,351.0,9.0,8.0,284.0
205.0,289.0,9.0,10.0,637.0
129.0,268.0,10.0,11.0,242.0
134.0,1028.0,10.0,8.0,702.0
127.0,221.0,8.0,9.0,221.0
138.0,308.0,10.0,8.0,313.0
126.0,376.0,9.0,9.0,488.0
98.0,521.0,10.0,10.0,350.0
215.0,246.0,9.0,11.0,351.0
154.0,241.0,10.0,9.0,352.0
204.0,620.0,9.0,10.0,142.0
76.0,298.0,9.0,10.0,395.0
113.0,234.0,9.0,9.0,463.0
125.0,453.0,8.0,8.0,399.0
170.0,157.0,10.0,9.0,277.0
201.0,269.0,9.0,10.0,272.0
141.0,227.0,8.0,13.0,278.0
280.0,354.0,9.0,10.0,327.0
460.0,318.0,9.0,9.0,201.0
159.0,772.0,8.0,9.0,272.0
527.0,273.0,10.0,9.0,535.0
166.0,266.0,10.0,11.0,182.0
229.0,243.0,10.0,9.0,232.0
249.0,126.0,8.0,10.0,206.0
141.0,292.0,10.0,10.0,302.0
322.0,837.0,10.0,10.0,175.0
150.0,218.0,8.0,10.0,214.0
173.0,255.0,10.0,10.0,184.0
173.0,607.0,8.0,10.0,295.0
236.0,262.0,10.0,9.0,122.0
114.0,166.0,10.0,10.0,176.0
159.0,358.0,9.0,9.0,264.0
135.0,521.0,10.0,10.0,295.0
113.0,496.0,9.0,10.0,282.0
144.0,199.0,10.0,9.0,185.0
128.0,831.0,8.0,8.0,349.0
144.0,660.0,9.0,10.0,306.0
169.0,298.0,10.0,9.0,302.0
230.0,285.0,10.0,10.0,138.0
246.0,290.0,9.0,9.0,178.0
170.0,260.0,10.0,11.0,151.0
189.0,225.0,10.0,9.0,134.0
161.0,247.0,10.0,10.0,234.0
112.0,261.0,10.0,10.0,194.0
285.0,231.0,10.0,9.0,217.0
174.0,246.0,9.0,8.0,173.0
290.0,316.0,10.0,10.0,223.0
133.0,299.0,9.0,9.0,173.0
119.0,167.0,9.0,10.0,300.0
133.0,273.0,10.0,9.0,222.0
152.0,266.0,10.0,9.0,261.0
182.0,230.0,10.0,9.0,258.0
165.0,173.0,10.0,8.0,138.0
165.0,310.0,10.0,8.0,218.0
110.0,181.0,9.0,11.0,225.0
158.0,212.0,10.0,9.0,344.0
189.0,226.0,9.0,10.0,505.0
169.0,143.0,9.0,10.0,173.0
171.0,157.0,9.0,10.0,160.0
149.0,216.0,10.0,8.0,226.0
186.0,295.0,10.0,9.0,126.0
404.0,202.0,10.0,10.0,178.0
190.0,158.0,8.0,10.0,136.0
99.0,306.0,8.0,11.0,132.0
113.0,160.0,9.0,10.0,147.0
132.0,184.0,9.0,10.0,180.0
129.0,180.0,9.0,9.0,159.0
127.0,143.0,10.0,9.0,138.0
161.0,37.0,9.0,8.0,143.0
116.0,120.0,9.0,8.0,141.0
128.0,214.0,10.0,9.0,107.0
128.0,259.0,10.0,10.0,114.0
121.0,144.0,10.0,9.0,272.0
104.0,199.0,9.0,8.0,130.0
224.0,159.0,8.0,9.0,155.0
171.0,197.0,10.0,9.0,144.0
101.0,164.0,9.0,10.0,180.0
109.0,365.0,10.0,10.0,220.0
136.0,199.0,8.0,11.0,270.0
105.0,298.0,9.0,8.0,135.0
98.0,389.0,9.0,11.0,167.0
115.0,321.0,9.0,10.0,355.0
157.0,205.0,9.0,8.0,183.0
142.0,247.0,10.0,10.0,502.0
184.0,540.0,8.0,10.0,221.0
164.0,428.0,9.0,10.0,428.0
190.0,839.0,10.0,9.0,257.0
364.0,187.0,10.0,10.0,586.0
163.0,269.0,9.0,9.0,364.0
159.0,100.0,9.0,11.0,252.0
274.0,778.0,8.0,8.0,223.0
250.0,169.0,10.0,10.0,703.0
151.0,177.0,9.0,9.0,231.0
129.0,219.0,10.0,8.0,234.0
153.0,388.0,10.0,9.0,203.0
122.0,280.0,9.0,10.0,604.0
116.0,226.0,8.0,8.0,307.0
189.0,374.0,9.0,8.0,325.0
147.0,377.0,10.0,8.0,882.0
151.0,218.0,10.0,8.0,334.0
350.0,474.0,10.0,9.0,327.0
356.0,170.0,8.0,10.0,194.0
124.0,330.0,10.0,8.0,246.0
113.0,175.0,9.0,9.0,199.0
158.0,251.0,9.0,9.0,226.0
120.0,244.0,10.0,10.0,544.0
152.0,173.0,8.0,10.0,248.0
128.0,200.0,9.0,10.0,207.0
384.0,378.0,9.0,10.0,314.0
124.0,107.0,10.0,9.0,165.0
96.0,201.0,10.0,10.0,668.0
103.0,240.0,9.0,8.0,302.0
143.0,208.0,8.0,9.0,224.0
162.0,230.0,10.0,9.0,230.0
235.0,193.0,11.0,9.0,267.0
93.0,177.0,10.0,9.0,187.0
313.0,276.0,9.0,8.0,404.0
141.0,175.0,10.0,10.0,238.0
258.0,171.0,10.0,10.0,465.0
105.0,173.0,10.0,8.0,276.0
418.0,177.0,10.0,9.0,448.0
336.0,218.0,11.0,10.0,224.0
112.0,197.0,10.0,10.0,1755.0
88.0,148.0,11.0,9.0,533.0
130.0,224.0,9.0,10.0,672.0
154.0,183.0,10.0,9.0,589.0
96.0,166.0,9.0,10.0,425.0
161.0,131.0,10.0,10.0,479.0
192.0,203.0,9.0,10.0,827.0
302.0,150.0,9.0,10.0,237.0
134.0,164.0,9.0,9.0,339.0
99.0,136.0,11.0,9.0,414.0
332.0,119.0,10.0,10.0,171.0
123.0,235.0,9.0,10.0,516.0
395.0,151.0,9.0,10.0,1174.0
164.0,114.0,10.0,8.0,339.0
193.0,184.0,10.0,8.0,467.0
80.0,164.0,9.0,9.0,373.0
99.0,222.0,10.0,10.0,454.0
78.0,205.0,9.0,10.0,265.0
107.0,215.0,9.0,9.0,1439.0
150.0,160.0,10.0,10.0,562.0
74.0,174.0,10.0,10.0,255.0
65.0,227.0,9.0,10.0,630.0
131.0,149.0,10.0,9.0,308.0
95.0,142.0,9.0,9.0,404.0
180.0,256.0,9.0,10.0,348.0
384.0,186.0,10.0,9.0,1456.0
245.0,342.0,10.0,9.0,261.0
208.0,152.0,8.0,10.0,356.0
259.0,151.0,8.0,10.0,378.0
66.0,149.0,9.0,8.0,871.0
174.0,139.0,9.0,10.0,581.0
252.0,132.0,9.0,9.0,336.0
142.0,136.0,9.0,10.0,229.0
110.0,163.0,8.0,8.0,426.0
122.0,447.0,10.0,8.0,442.0
139.0,214.0,10.0,8.0,397.0
62.0,442.0,8.0,10.0,615.0
120.0,169.0,10.0,9.0,1179.0
129.0,229.0,9.0,9.0,345.0
88.0,183.0,10.0,8.0,653.0
94.0,129.0,10.0,8.0,851.0
165.0,276.0,9.0,10.0,193.0
360.0,232.0,10.0,10.0,235.0
139.0,171.0,8.0,11.0,642.0
123.0,326.0,9.0,9.0,377.0
84.0,150.0,8.0,11.0,388.0
128.0,343.0,8.0,9.0,330.0
336.0,426.0,9.0,9.0,906.0
122.0,231.0,11.0,10.0,340.0
82.0,159.0,10.0,9.0,779.0
155.0,254.0,10.0,8.0,212.0
121.0,273.0,9.0,10.0,240.0
453.0,218.0,10.0,9.0,475.0
122.0,472.0,9.0,9.0,405.0
134.0,159.0,10.0,10.0,490.0
131.0,258.0,9.0,9.0,1499.0
167.0,393.0,9.0,10.0,284.0
133.0,352.0,10.0,10.0,550.0
223.0,262.0,9.0,10.0,397.0
158.0,398.0,9.0,9.0,602.0
270.0,422.0,9.0,9.0,477.0
215.0,421.0,11.0,11.0,1212.0
153.0,415.0,8.0,9.0,331.0
188.0,492.0,9.0,8.0,546.0
151.0,231.0,10.0,8.0,915.0
334.0,782.0,11.0,10.0,741.0
147.0,236.0,11.0,10.0,405.0
153.0,273.0,10.0,9.0,339.0
185.0,526.0,9.0,10.0,688.0
383.0,256.0,10.0,8.0,218.0
291.0,214.0,10.0,8.0,481.0
146.0,240.0,9.0,8.0,1625.0
309.0,203.0,9.0,9.0,209.0
153.0,440.0,10.0,10.0,345.0
228.0,293.0,8.0,9.0,850.0
91.0,220.0,8.0,9.0,388.0
292.0,325.0,10.0,10.0,377.0
244.0,222.0,11.0,10.0,250.0
166.0,279.0,11.0,9.0,260.0
131.0,346.0,9.0,9.0,224.0
139.0,247.0,10.0,10.0,467.0
137.0,391.0,10.0,10.0,819.0
119.0,323.0,9.0,10.0,569.0
165.0,385.0,10.0,9.0,312.0
130.0,425.0,10.0,9.0,213.0
125.0,372.0,9.0,10.0,204.0
186.0,278.0,9.0,9.0,221.0
209.0,260.0,9.0,10.0,351.0
220.0,485.0,8.0,10.0,384.0
147.0,207.0,10.0,10.0,952.0
110.0,403.0,10.0,9.0,297.0
153.0,299.0,9.0,9.0,295.0
149.0,185.0,10.0,11.0,325.0
209.0,293.0,11.0,10.0,514.0
154.0,214.0,10.0,10.0,410.0
254.0,145.0,9.0,8.0,152.0
193.0,328.0,9.0,10.0,208.0
358.0,207.0,9.0,9.0,316.0
411.0,429.0,9.0,9.0,233.0
219.0,196.0,8.0,12.0,216.0
126.0,235.0,8.0,9.0,352.0
148.0,794.0,9.0,9.0,276.0
272.0,218.0,10.0,10.0,209.0
175.0,116.0,8.0,8.0,341.0
129.0,112.0,10.0,9.0,601.0
152.0,253.0,10.0,9.0,344.0
180.0,439.0,8.0,10.0,627.0
274.0,214.0,9.0,9.0,268.0
123.0,316.0,10.0,8.0,888.0
172.0,606.0,10.0,10.0,366.0
255.0,305.0,8.0,9.0,387.0
187.0,288.0,9.0,13.0,223.0
535.0,282.0,10.0,9.0,317.0
143.0,182.0,9.0,9.0,162.0
127.0,813.0,9.0,9.0,345.0
175.0,134.0,10.0,9.0,736.0
580.0,161.0,10.0,10.0,181.0
131.0,157.0,10.0,10.0,614.0
258.0,273.0,9.0,10.0,321.0
190.0,600.0,9.0,10.0,251.0
397.0,260.0,9.0,9.0,420.0
246.0,443.0,9.0,9.0,243.0
111.0,215.0,9.0,8.0,310.0
346.0,218.0,10.0,9.0,155.0
390.0,175.0,10.0,9.0,157.0
256.0,549.0,10.0,10.0,268.0
504.0,195.0,10.0,9.0,714.0
341.0,230.0,10.0,9.0,240.0
150.0,584.0,10.0,8.0,189.0
119.0,309.0,9.0,9.0,271.0
445.0,286.0,10.0,9.0,222.0
332.0,385.0,10.0,10.0,294.0
130.0,163.0,10.0,9.0,212.0
292.0,246.0,10.0,11.0,284.0
513.0,282.0,9.0,10.0,198.0
271.0,322.0,10.0,9.0,275.0
200.0,266.0,9.0,9.0,281.0
163.0,440.0,10.0,10.0,265.0
281.0,604.0,10.0,10.0,159.0
389.0,815.0,9.0,8.0,232.0
321.0,292.0,10.0,9.0,281.0
109.0,179.0,9.0,10.0,194.0
460.0,150.0,9.0,9.0,348.0
357.0,170.0,9.0,8.0,236.0
311.0,240.0,10.0,9.0,242.0
170.0,180.0,9.0,9.0,232.0
409.0,190.0,9.0,9.0,614.0
450.0,161.0,9.0,9.0,277.0
136.0,164.0,9.0,9.0,321.0
478.0,200.0,10.0,9.0,336.0
324.0,168.0,10.0,8.0,247.0
288.0,222.0,10.0,8.0,211.0
292.0,453.0,9.0,9.0,192.0
170.0,448.0,9.0,9.0,160.0
401.0,224.0,9.0,8.0,148.0
227.0,245.0,9.0,9.0,202.0
188.0,223.0,10.0,10.0,321.0
199.0,612.0,10.0,9.0,222.0
432.0,320.0,9.0,10.0,206.0
216.0,129.0,9.0,9.0,972.0
165.0,391.0,10.0,9.0,292.0
282.0,259.0,8.0,9.0,219.0
688.0,135.0,10.0,8.0,271.0
181.0,206.0,10.0,10.0,246.0
231.0,149.0,8.0,9.0,147.0
299.0,285.0,8.0,9.0,215.0
227.0,144.0,9.0,9.0,233.0
240.0,123.0,8.0,10.0,294.0
208.0,125.0,10.0,9.0,297.0
203.0,312.0,10.0,10.0,234.0
187.0,222.0,9.0,9.0,699.0
172.0,136.0,10.0,9.0,631.0
208.0,584.0,10.0,10.0,384.0
265.0,146.0,10.0,10.0,331.0
160.0,127.0,9.0,10.0,344.0
197.0,199.0,9.0,10.0,365.0
577.0,135.0,10.0,10.0,1055.0
240.0,149.0,10.0,9.0,550.0
192.0,235.0,9.0,9.0,254.0
420.0,171.0,10.0,8.0,360.0
246.0,127.0,8.0,10.0,483.0
621.0,140.0,9.0,9.0,629.0
657.0,154.0,9.0,10.0,378.0
548.0,199.0,10.0,8.0,267.0
381.0,225.0,9.0,9.0,388.0
256.0,220.0,9.0,10.0,244.0
146.0,127.0,9.0,10.0,320.0
399.0,783.0,9.0,10.0,409.0
170.0,178.0,9.0,9.0,814.0
714.0,154.0,10.0,10.0,362.0
279.0,144.0,9.0,10.0,328.0
571.0,475.0,9.0,9.0,408.0
525.0,186.0,10.0,9.0,395.0
21.0,162.0,10.0,9.0,312.0
354.0,153.0,9.0,8.0,1326.0
359.0,384.0,9.0,9.0,276.0
211.0,203.0,9.0,10.0,1127.0
371.0,207.0,10.0,11.0,419.0
145.0,352.0,9.0,9.0,243.0
316.0,158.0,9.0,10.0,241.0
453.0,184.0,10.0,10.0,267.0
282.0,199.0,9.0,10.0,263.0
208.0,212.0,8.0,9.0,268.0
299.0,201.0,10.0,10.0,875.0
329.0,597.0,10.0,9.0,250.0
220.0,257.0,9.0,10.0,332.0
481.0,273.0,9.0,10.0,354.0
309.0,281.0,10.0,8.0,272.0
247.0,277.0,9.0,9.0,229.0
355.0,239.0,10.0,9.0,330.0
290.0,304.0,8.0,9.0,300.0
348.0,303.0,10.0,8.0,350.0
157.0,176.0,9.0,10.0,251.0
444.0,122.0,8.0,8.0,198.0
284.0,219.0,9.0,10.0,347.0
379.0,301.0,8.0,11.0,371.0
321.0,1101.0,9.0,10.0,235.0
492.0,200.0,10.0,9.0,237.0
231.0,376.0,9.0,8.0,974.0
219.0,201.0,9.0,9.0,354.0
392.0,166.0,10.0,9.0,262.0
267.0,872.0,10.0,10.0,380.0
521.0,196.0,10.0,9.0,681.0
252.0,699.0,10.0,10.0,748.0
340.0,271.0,10.0,8.0,193.0
238.0,195.0,9.0,10.0,303.0
380.0,337.0,8.0,9.0,251.0
322.0,233.0,8.0,9.0,597.0
370.0,279.0,10.0,11.0,392.0
225.0,317.0,9.0,8.0,572.0
264.0,442.0,9.0,9.0,540.0
398.0,281.0,10.0,9.0,298.0
259.0,664.0,9.0,10.0,574.0
208.0,254.0,11.0,9.0,206.0
220.0,155.0,10.0,10.0,491.0
407.0,498.0,10.0,10.0,428.0
357.0,398.0,9.0,9.0,456.0
299.0,444.0,10.0,10.0,343.0
381.0,294.0,9.0,9.0,306.0
546.0,750.0,10.0,8.0,324.0
293.0,890.0,10.0,11.0,278.0
433.0,643.0,10.0,10.0,766.0
342.0,731.0,10.0,9.0,342.0
418.0,409.0,10.0,11.0,483.0
131.0,472.0,9.0,11.0,375.0
326.0,247.0,8.0,9.0,288.0
591.0,372.0,9.0,10.0,319.0
476.0,236.0,9.0,10.0,281.0
288.0,359.0,8.0,9.0,691.0
330.0,273.0,8.0,9.0,281.0
154.0,215.0,10.0,9.0,624.0
226.0,448.0,11.0,9.0,254.0
293.0,231.0,9.0,11.0,1002.0
235.0,106.0,8.0,8.0,343.0
399.0,625.0,9.0,10.0,731.0
450.0,440.0,9.0,9.0,429.0
415.0,425.0,10.0,9.0,365.0
487.0,337.0,10.0,9.0,503.0
102.0,225.0,10.0,10.0,648.0
230.0,511.0,10.0,9.0,334.0
351.0,292.0,9.0,9.0,78.0
318.0,290.0,10.0,10.0,684.0
658.0,267.0,9.0,10.0,415.0
633.0,184.0,9.0,10.0,396.0
675.0,529.0,10.0,10.0,266.0
243.0,226.0,9.0,10.0,618.0
156.0,293.0,10.0,9.0,1283.0
714.0,486.0,10.0,10.0,1340.0
740.0,199.0,9.0,10.0,853.0
358.0,582.0,9.0,9.0,2205.0
358.0,197.0,9.0,9.0,676.0
1544.0,273.0,9.0,9.0,390.0
506.0,163.0,10.0,9.0,1259.0
338.0,687.0,9.0,10.0,1765.0
539.0,400.0,8.0,9.0,532.0
497.0,176.0,10.0,10.0,367.0
757.0,197.0,8.0,9.0,463.0
611.0,399.0,10.0,10.0,484.0
1746.0,194.0,8.0,10.0,757.0
1126.0,258.0,10.0,9.0,552.0
1629.0,291.0,9.0,10.0,471.0
1029.0,226.0,10.0,9.0,843.0
1721.0,972.0,9.0,9.0,831.0
362.0,195.0,10.0,9.0,410.0
310.0,785.0,10.0,8.0,552.0
859.0,583.0,10.0,8.0,1389.0
1248.0,333.0,9.0,10.0,171.0
155.0,425.0,8.0,9.0,239.0
269.0,199.0,9.0,9.0,814.0
267.0,234.0,11.0,10.0,717.0
480.0,251.0,11.0,8.0,1040.0
910.0,197.0,10.0,10.0,241.0
565.0,238.0,11.0,9.0,340.0
697.0,174.0,9.0,10.0,397.0
280.0,851.0,10.0,9.0,964.0
233.0,657.0,11.0,10.0,350.0
915.0,419.0,10.0,10.0,399.0
1015.0,928.0,10.0,8.0,511.0
1236.0,196.0,10.0,10.0,624.0
2564.0,358.0,9.0,9.0,482.0
1028.0,311.0,10.0,8.0,284.0
1082.0,216.0,9.0,8.0,301.0
1594.0,549.0,9.0,9.0,454.0
705.0,892.0,10.0,9.0,355.0
410.0,514.0,8.0,9.0,278.0
940.0,169.0,10.0,9.0,283.0
861.0,213.0,10.0,9.0,381.0
710.0,2079.0,9.0,10.0,183.0
486.0,284.0,9.0,10.0,345.0
1310.0,592.0,10.0,9.0,399.0
872.0,203.0,10.0,9.0,269.0
786.0,327.0,10.0,9.0,237.0
690.0,605.0,10.0,9.0,426.0
475.0,962.0,9.0,9.0,313.0
609.0,474.0,9.0,8.0,248.0
407.0,479.0,9.0,9.0,462.0
200.0,456.0,10.0,9.0,276.0
319.0,209.0,10.0,9.0,206.0
481.0,208.0,9.0,9.0,365.0
119.0,201.0,11.0,9.0,314.0
319.0,387.0,10.0,10.0,286.0
470.0,162.0,9.0,9.0,522.0
393.0,1137.0,10.0,10.0,558.0
1747.0,131.0,8.0,10.0,669.0
562.0,556.0,10.0,9.0,319.0
3147.0,237.0,10.0,8.0,627.0
151.0,552.0,9.0,8.0,252.0
637.0,715.0,10.0,10.0,453.0
709.0,645.0,9.0,9.0,284.0
177.0,788.0,9.0,9.0,258.0
287.0,1248.0,9.0,10.0,401.0
366.0,895.0,11.0,8.0,294.0
3613.0,214.0,10.0,9.0,257.0
257.0,793.0,8.0,9.0,186.0
549.0,1312.0,9.0,9.0,334.0
1125.0,676.0,8.0,10.0,382.0
613.0,549.0,9.0,8.0,585.0
774.0,223.0,9.0,10.0,852.0
283.0,183.0,9.0,10.0,400.0
1606.0,470.0,10.0,9.0,218.0
409.0,458.0,9.0,10.0,316.0
508.0,1901.0,10.0,10.0,132.0
984.0,800.0,8.0,10.0,230.0
407.0,979.0,10.0,10.0,338.0
1323.0,816.0,9.0,9.0,312.0
491.0,573.0,10.0,8.0,429.0
529.0,877.0,9.0,9.0,212.0
476.0,927.0,10.0,10.0,261.0
630.0,3750.0,11.0,9.0,249.0
2340.0,409.0,10.0,9.0,305.0
474.0,2141.0,10.0,9.0,352.0
842.0,1187.0,10.0,9.0,434.0
1309.0,477.0,9.0,10.0,213.0
1822.0,342.0,9.0,8.0,316.0
3286.0,330.0,9.0,10.0,307.0
201.0,408.0,9.0,10.0,273.0
437.0,247.0,10.0,10.0,204.0
351.0,1672.0,9.0,8.0,247.0
547.0,631.0,8.0,10.0,484.0
374.0,223.0,10.0,10.0,255.0
631.0,3742.0,9.0,10.0,280.0
731.0,1160.0,10.0,9.0,227.0
1499.0,1431.0,10.0,11.0,285.0
249.0,354.0,10.0,9.0,317.0
1023.0,1079.0,10.0,10.0,275.0
165.0,4416.0,9.0,10.0,307.0
250.0,949.0,9.0,10.0,241.0
2680.0,1073.0,8.0,9.0,869.0
1110.0,1074.0,10.0,8.0,270.0
1303.0,417.0,8.0,11.0,172.0
268.0,946.0,11.0,10.0,327.0
481.0,380.0,9.0,10.0,291.0
481.0,712.0,10.0,10.0,443.0
310.0,429.0,10.0,10.0,267.0
185.0,341.0,10.0,8.0,308.0
227.0,1282.0,8.0,10.0,241.0
392.0,1354.0,11.0,10.0,267.0
182.0,1274.0,9.0,9.0,358.0
268.0,1365.0,10.0,11.0,446.0
304.0,734.0,10.0,8.0,299.0
249.0,405.0,10.0,10.0,292.0
337.0,961.0,9.0,9.0,277.0
221.0,491.0,10.0,9.0,398.0
192.0,1258.0,9.0,10.0,315.0
575.0,484.0,10.0,10.0,273.0
232.0,259.0,8.0,10.0,403.0
341.0,2174.0,9.0,8.0,456.0
185.0,1764.0,9.0,9.0,310.0
140.0,1207.0,11.0,9.0,375.0
162.0,747.0,9.0,11.0,331.0
261.0,281.0,10.0,8.0,239.0
222.0,847.0,8.0,9.0,343.0
219.0,766.0,10.0,11.0,233.0
253.0,1108.0,10.0,10.0,221.0
491.0,274.0,9.0,10.0,206.0
165.0,316.0,10.0,8.0,278.0
231.0,448.0,8.0,9.0,324.0
232.0,442.0,10.0,10.0,286.0
899.0,278.0,9.0,10.0,235.0
692.0,1598.0,9.0,9.0,246.0
141.0,403.0,10.0,10.0,341.0
174.0,497.0,10.0,10.0,217.0
163.0,375.0,10.0,10.0,771.0
212.0,944.0,10.0,10.0,297.0
1190.0,249.0,9.0,9.0,282.0
179.0,293.0,10.0,8.0,265.0
614.0,424.0,9.0,8.0,349.0
477.0,314.0,9.0,9.0,466.0
357.0,1303.0,10.0,9.0,298.0
144.0,285.0,10.0,10.0,233.0
340.0,551.0,10.0,9.0,453.0
175.0,378.0,9.0,13.0,321.0
190.0,296.0,8.0,9.0,386.0
118.0,216.0,9.0,8.0,218.0
281.0,554.0,8.0,9.0,155.0
117.0,642.0,9.0,9.0,247.0
96.0,247.0,10.0,10.0,235.0
186.0,1234.0,9.0,10.0,236.0
181.0,179.0,8.0,9.0,197.0
320.0,847.0,11.0,8.0,200.0
109.0,625.0,11.0,10.0,167.0
175.0,838.0,9.0,10.0,220.0
135.0,792.0,8.0,10.0,230.0
169.0,521.0,9.0,11.0,217.0
252.0,321.0,9.0,9.0,201.0
184.0,1092.0,9.0,9.0,205.0
180.0,368.0,8.0,9.0,190.0
256.0,717.0,9.0,9.0,175.0
426.0,3031.0,9.0,10.0,266.0
165.0,1315.0,10.0,9.0,329.0
191.0,720.0,9.0,9.0,175.0
187.0,173.0,8.0,8.0,307.0
172.0,529.0,9.0,9.0,227.0
197.0,448.0,9.0,8.0,495.0
209.0,269.0,9.0,10.0,241.0
897.0,477.0,8.0,9.0,234.0
289.0,298.0,9.0,9.0,187.0
136.0,395.0,10.0,8.0,257.0
426.0,1108.0,10.0,9.0,214.0
162.0,1215.0,10.0,10.0,267.0
391.0,782.0,8.0,10.0,423.0
207.0,430.0,8.0,9.0,265.0
200.0,650.0,11.0,10.0,209.0
265.0,608.0,10.0,9.0,224.0
382.0,435.0,9.0,10.0,245.0
213.0,1219.0,10.0,9.0,221.0
229.0,213.0,10.0,10.0,206.0
364.0,333.0,11.0,8.0,269.0
325.0,575.0,9.0,10.0,199.0
363.0,205.0,10.0,8.0,188.0
1105.0,295.0,9.0,9.0,217.0
281.0,1084.0,9.0,11.0,356.0
362.0,346.0,9.0,10.0,207.0
327.0,304.0,8.0,9.0,274.0
178.0,442.0,8.0,9.0,263.0
166.0,215.0,9.0,10.0,287.0
581.0,377.0,10.0,10.0,358.0
251.0,647.0,9.0,8.0,593.0
777.0,411.0,10.0,10.0,306.0
582.0,337.0,8.0,11.0,291.0
917.0,254.0,10.0,9.0,265.0
137.0,258.0,9.0,9.0,386.0
116.0,191.0,10.0,9.0,264.0
298.0,178.0,8.0,10.0,436.0
690.0,297.0,9.0,10.0,237.0
839.0,200.0,10.0,10.0,241.0
211.0,280.0,8.0,10.0,255.0
243.0,214.0,11.0,10.0,228.0
360.0,409.0,9.0,9.0,222.0
299.0,353.0,9.0,9.0,277.0
516.0,780.0,10.0,8.0,189.0
551.0,233.0,9.0,9.0,414.0
198.0,382.0,10.0,9.0,302.0
216.0,1197.0,9.0,8.0,289.0
193.0,352.0,9.0,10.0,175.0
220.0,244.0,10.0,9.0,303.0
288.0,994.0,10.0,9.0,330.0
299.0,709.0,11.0,10.0,310.0
281.0,657.0,10.0,9.0,252.0
193.0,1727.0,9.0,10.0,239.0
460.0,418.0,10.0,9.0,270.0
195.0,256.0,9.0,10.0,259.0
181.0,452.0,10.0,9.0,372.0
134.0,594.0,9.0,9.0,357.0
176.0,294.0,9.0,9.0,336.0
233.0,1319.0,8.0,10.0,285.0
211.0,259.0,10.0,9.0,244.0
314.0,1092.0,9.0,9.0,312.0
153.0,878.0,9.0,10.0,407.0
183.0,186.0,10.0,9.0,376.0
141.0,735.0,10.0,10.0,441.0
229.0,633.0,9.0,10.0,214.0
564.0,718.0,10.0,10.0,288.0
258.0,264.0,11.0,9.0,442.0
209.0,738.0,10.0,10.0,304.0
152.0,255.0,9.0,9.0,283.0
690.0,1212.0,10.0,9.0,299.0
399.0,554.0,9.0,10.0,176.0
711.0,198.0,10.0,9.0,346.0
259.0,259.0,10.0,9.0,330.0
268.0,468.0,10.0,9.0,272.0
161.0,262.0,10.0,10.0,290.0
199.0,203.0,9.0,9.0,450.0
200.0,357.0,8.0,9.0,244.0
372.0,318.0,10.0,9.0,422.0
280.0,710.0,8.0,10.0,576.0
631.0,313.0,10.0,10.0,263.0
283.0,430.0,9.0,10.0,246.0
177.0,423.0,8.0,9.0,310.0
173.0,332.0,9.0,9.0,256.0
458.0,177.0,10.0,9.0,310.0
562.0,421.0,10.0,9.0,304.0
217.0,149.0,9.0,11.0,187.0
105.0,280.0,9.0,10.0,270.0
2035.0,254.0,10.0,9.0,279.0
2192.0,325.0,9.0,10.0,358.0
181.0,333.0,8.0,8.0,284.0
1463.0,287.0,9.0,9.0,307.0
723.0,188.0,10.0,9.0,261.0
563.0,163.0,9.0,9.0,460.0
3997.0,402.0,10.0,9.0,253.0
324.0,376.0,10.0,10.0,523.0
483.0,208.0,10.0,8.0,253.0
153.0,675.0,9.0,8.0,384.0
2497.0,475.0,9.0,10.0,473.0
637.0,335.0,10.0,9.0,423.0
1242.0,560.0,9.0,9.0,341.0
1688.0,379.0,8.0,10.0,439.0
339.0,243.0,10.0,8.0,293.0
1235.0,264.0,9.0,9.0,238.0
823.0,329.0,10.0,10.0,267.0
2627.0,222.0,10.0,10.0,308.0
246.0,278.0,9.0,9.0,292.0
696.0,175.0,10.0,10.0,265.0
849.0,812.0,8.0,8.0,229.0
781.0,169.0,10.0,9.0,212.0
349.0,197.0,8.0,9.0,351.0
1246.0,356.0,9.0,10.0,226.0
419.0,225.0,10.0,9.0,396.0
2146.0,422.0,10.0,8.0,457.0
317.0,380.0,10.0,10.0,321.0
1304.0,425.0,8.0,9.0,227.0
427.0,320.0,9.0,9.0,228.0
467.0,760.0,10.0,9.0,171.0
851.0,242.0,9.0,10.0,260.0
211.0,269.0,9.0,9.0,258.0
351.0,306.0,9.0,9.0,252.0
949.0,193.0,11.0,10.0,423.0
273.0,223.0,8.0,10.0,303.0
1617.0,234.0,10.0,9.0,351.0
1231.0,530.0,10.0,10.0,308.0
1310.0,269.0,10.0,9.0,234.0
757.0,285.0,10.0,10.0,301.0
1632.0,455.0,10.0,9.0,275.0
514.0,600.0,10.0,9.0,297.0
658.0,286.0,10.0,10.0,210.0
471.0,303.0,9.0,10.0,242.0
628.0,627.0,9.0,10.0,199.0
745.0,211.0,8.0,9.0,219.0
1806.0,354.0,8.0,9.0,160.0
303.0,871.0,9.0,9.0,227.0
349.0,194.0,9.0,9.0,233.0
697.0,933.0,10.0,8.0,268.0
220.0,357.0,10.0,10.0,200.0
1449.0,1093.0,9.0,8.0,158.0
1145.0,468.0,9.0,9.0,190.0
310.0,1626.0,10.0,10.0,249.0
1105.0,335.0,9.0,9.0,229.0
521.0,179.0,9.0,9.0,207.0
672.0,551.0,8.0,9.0,249.0
1090.0,657.0,8.0,9.0,282.0
650.0,1425.0,10.0,10.0,254.0
990.0,357.0,9.0,9.0,296.0
940.0,340.0,10.0,10.0,251.0
230.0,544.0,10.0,11.0,348.0
248.0,568.0,9.0,8.0,323.0
1187.0,613.0,10.0,9.0,433.0
291.0,432.0,8.0,8.0,258.0
226.0,228.0,10.0,10.0,510.0
480.0,386.0,8.0,10.0,306.0
431.0,801.0,10.0,9.0,455.0
181.0,647.0,10.0,9.0,356.0
357.0,198.0,11.0,10.0,380.0
700.0,827.0,9.0,10.0,645.0
734.0,516.0,10.0,9.0,280.0
1008.0,210.0,9.0,9.0,245.0
428.0,327.0,8.0,8.0,271.0
168.0,231.0,8.0,11.0,418.0
392.0,673.0,10.0,8.0,188.0
582.0,292.0,9.0,9.0,329.0
264.0,222.0,10.0,10.0,238.0
504.0,1122.0,10.0,9.0,270.0
286.0,848.0,10.0,10.0,275.0
1101.0,216.0,10.0,10.0,281.0
2763.0,297.0,10.0,10.0,206.0
223.0,377.0,8.0,9.0,256.0
289.0,385.0,10.0,9.0,299.0
380.0,214.0,9.0,10.0,324.0
263.0,146.0,10.0,9.0,292.0
324.0,211.0,9.0,10.0,428.0
405.0,161.0,8.0,10.0,315.0
587.0,256.0,10.0,9.0,364.0
774.0,206.0,10.0,9.0,240.0
371.0,666.0,10.0,10.0,623.0
508.0,276.0,8.0,8.0,228.0
1401.0,204.0,10.0,10.0,264.0
926.0,238.0,9.0,9.0,233.0
410.0,277.0,10.0,10.0,335.0
670.0,438.0,10.0,10.0,325.0
353.0,319.0,9.0,10.0,483.0
262.0,248.0,8.0,9.0,351.0
681.0,199.0,10.0,10.0,260.0
462.0,177.0,8.0,9.0,443.0
377.0,221.0,9.0,8.0,357.0
199.0,411.0,8.0,10.0,348.0
964.0,249.0,10.0,9.0,246.0
585.0,545.0,10.0,9.0,316.0
350.0,366.0,9.0,9.0,314.0
1457.0,224.0,11.0,9.0,253.0
179.0,266.0,9.0,9.0,248.0
253.0,479.0,10.0,11.0,262.0
314.0,509.0,9.0,10.0,207.0
250.0,401.0,9.0,10.0,311.0
270.0,166.0,10.0,10.0,388.0
241.0,776.0,10.0,9.0,256.0
245.0,201.0,8.0,10.0,255.0
579.0,179.0,10.0,9.0,240.0
723.0,291.0,9.0,9.0,219.0
383.0,559.0,10.0,10.0,206.0
530.0,589.0,10.0,10.0,231.0
221.0,1239.0,9.0,8.0,293.0
276.0,1100.0,9.0,10.0,268.0
678.0,994.0,9.0,8.0,217.0
375.0,820.0,10.0,9.0,162.0
362.0,569.0,10.0,8.0,196.0
355.0,863.0,8.0,10.0,183.0
668.0,733.0,10.0,8.0,179.0
253.0,608.0,8.0,8.0,212.0
554.0,264.0,10.0,10.0,201.0
259.0,284.0,9.0,9.0,199.0
413.0,1181.0,10.0,9.0,165.0
233.0,360.0,10.0,10.0,226.0
718.0,471.0,9.0,10.0,214.0
1532.0,996.0,8.0,9.0,179.0
348.0,360.0,9.0,10.0,175.0
1041.0,355.0,9.0,10.0,170.0
962.0,1013.0,10.0,9.0,156.0
713.0,2449.0,9.0,10.0,185.0
293.0,594.0,9.0,10.0,228.0
830.0,1051.0,10.0,9.0,222.0
512.0,468.0,9.0,9.0,188.0
783.0,665.0,10.0,9.0,187.0
219.0,395.0,10.0,10.0,251.0
2057.0,295.0,9.0,10.0,171.0
324.0,1032.0,9.0,9.0,277.0
516.0,865.0,9.0,10.0,244.0
211.0,288.0,10.0,9.0,153.0
478.0,832.0,9.0,10.0,172.0
223.0,248.0,9.0,9.0,194.0
535.0,261.0,10.0,10.0,199.0
893.0,363.0,10.0,9.0,189.0
980.0,560.0,9.0,8.0,158.0
269.0,461.0,10.0,10.0,176.0
550.0,199.0,9.0,10.0,214.0
657.0,393.0,10.0,9.0,204.0
675.0,712.0,10.0,10.0,177.0
309.0,451.0,9.0,10.0,174.0
376.0,1908.0,9.0,10.0,193.0
408.0,2745.0,10.0,11.0,146.0
1002.0,358.0,10.0,10.0,145.0
372.0,665.0,9.0,10.0,168.0
283.0,367.0,9.0,11.0,143.0
531.0,1924.0,9.0,9.0,177.0
215.0,764.0,9.0,9.0,242.0
305.0,1035.0,8.0,9.0,216.0
315.0,619.0,9.0,10.0,232.0
103.0,835.0,9.0,9.0,153.0
339.0,811.0,10.0,10.0,214.0
907.0,792.0,10.0,10.0,174.0
286.0,2256.0,10.0,9.0,143.0
418.0,545.0,9.0,9.0,192.0
141.0,1649.0,10.0,8.0,211.0
205.0,339.0,9.0,10.0,217.0
835.0,957.0,10.0,8.0,212.0
273.0,549.0,9.0,9.0,174.0
458.0,416.0,9.0,9.0,168.0
793.0,300.0,10.0,10.0,170.0
306.0,822.0,9.0,8.0,157.0
360.0,987.0,10.0,8.0,237.0
321.0,958.0,8.0,8.0,178.0
804.0,104.0,8.0,9.0,185.0
527.0,450.0,10.0,9.0,206.0
763.0,579.0,10.0,8.0,223.0
186.0,247.0,9.0,9.0,222.0
632.0,855.0,8.0,10.0,215.0
618.0,1242.0,10.0,9.0,186.0
504.0,915.0,9.0,9.0,256.0
1033.0,494.0,9.0,9.0,251.0
441.0,1076.0,9.0,10.0,192.0
217.0,179.0,10.0,10.0,165.0
259.0,1790.0,9.0,9.0,153.0
303.0,611.0,10.0,10.0,152.0
365.0,529.0,10.0,8.0,173.0
573.0,503.0,10.0,9.0,152.0
286.0,715.0,10.0,10.0,200.0
471.0,1633.0,11.0,10.0,181.0
252.0,2261.0,10.0,10.0,149.0
912.0,3469.0,9.0,9.0,197.0
329.0,926.0,8.0,10.0,245.0
492.0,209.0,10.0,9.0,149.0
564.0,811.0,9.0,9.0,189.0
398.0,525.0,10.0,8.0,196.0
182.0,449.0,9.0,9.0,190.0
209.0,1266.0,10.0,8.0,122.0
453.0,568.0,10.0,9.0,179.0
606.0,317.0,8.0,9.0,170.0
1062.0,337.0,9.0,8.0,184.0
626.0,811.0,11.0,10.0,186.0
914.0,594.0,9.0,9.0,169.0
1074.0,1027.0,10.0,10.0,176.0
613.0,1564.0,9.0,9.0,169.0
811.0,449.0,10.0,9.0,194.0
227.0,185.0,10.0,10.0,163.0
775.0,472.0,10.0,10.0,168.0
623.0,421.0,9.0,9.0,206.0
571.0,265.0,10.0,10.0,192.0
2642.0,312.0,10.0,9.0,184.0
567.0,262.0,9.0,8.0,152.0
1046.0,392.0,9.0,9.0,178.0
2008.0,565.0,8.0,8.0,172.0
627.0,400.0,8.0,11.0,252.0
1800.0,369.0,10.0,9.0,243.0
547.0,397.0,9.0,9.0,195.0
3172.0,633.0,10.0,10.0,165.0
1451.0,1159.0,10.0,10.0,180.0
362.0,225.0,11.0,10.0,224.0
87.0,353.0,10.0,9.0,231.0
637.0,454.0,10.0,10.0,229.0
245.0,530.0,9.0,9.0,356.0
1109.0,2133.0,9.0,10.0,207.0
795.0,182.0,8.0,8.0,245.0
309.0,1874.0,9.0,10.0,166.0
373.0,259.0,9.0,9.0,196.0
698.0,1272.0,10.0,9.0,200.0
513.0,195.0,9.0,9.0,274.0
490.0,1340.0,9.0,10.0,178.0
828.0,733.0,10.0,9.0,300.0
341.0,978.0,9.0,9.0,225.0
520.0,389.0,10.0,8.0,278.0
444.0,879.0,9.0,10.0,175.0
498.0,812.0,10.0,10.0,221.0
327.0,1235.0,9.0,10.0,228.0
493.0,277.0,10.0,10.0,334.0
1070.0,630.0,10.0,9.0,242.0
314.0,1423.0,10.0,9.0,238.0
736.0,574.0,10.0,9.0,215.0
405.0,2098.0,10.0,9.0,223.0
458.0,443.0,9.0,9.0,256.0
398.0,449.0,9.0,9.0,268.0
484.0,1247.0,10.0,9.0,237.0
298.0,851.0,8.0,9.0,234.0
556.0,2575.0,9.0,9.0,283.0
529.0,3298.0,8.0,10.0,422.0
254.0,237.0,10.0,10.0,248.0
325.0,674.0,10.0,11.0,237.0
728.0,267.0,9.0,10.0,297.0
326.0,1249.0,10.0,11.0,378.0
424.0,1316.0,10.0,10.0,273.0
406.0,343.0,10.0,9.0,191.0
270.0,691.0,9.0,9.0,284.0
451.0,717.0,10.0,9.0,239.0
366.0,517.0,10.0,9.0,298.0
327.0,1039.0,10.0,10.0,364.0
213.0,661.0,10.0,9.0,240.0
270.0,2263.0,8.0,10.0,458.0
231.0,326.0,8.0,10.0,300.0
282.0,1499.0,9.0,9.0,247.0
205.0,297.0,9.0,10.0,257.0
243.0,1009.0,10.0,10.0,226.0
352.0,1184.0,9.0,9.0,245.0
374.0,515.0,11.0,8.0,242.0
359.0,160.0,10.0,10.0,188.0
231.0,1668.0,9.0,8.0,249.0
215.0,588.0,10.0,8.0,247.0
297.0,660.0,10.0,10.0,195.0
434.0,263.0,9.0,9.0,304.0
177.0,480.0,10.0,9.0,300.0
328.0,325.0,10.0,9.0,237.0
230.0,905.0,9.0,9.0,256.0
457.0,352.0,9.0,10.0,204.0
374.0,1218.0,10.0,9.0,250.0
324.0,236.0,9.0,10.0,293.0
344.0,651.0,10.0,10.0,284.0
316.0,312.0,10.0,11.0,307.0
324.0,256.0,10.0,10.0,291.0
557.0,763.0,8.0,9.0,264.0
478.0,364.0,10.0,10.0,244.0
156.0,654.0,10.0,8.0,253.0
228.0,227.0,9.0,9.0,183.0
261.0,1083.0,10.0,10.0,189.0
407.0,1687.0,9.0,10.0,287.0
157.0,1701.0,10.0,10.0,310.0
273.0,2614.0,9.0,10.0,250.0
315.0,328.0,11.0,9.0,195.0
299.0,1365.0,10.0,9.0,240.0
230.0,486.0,10.0,10.0,250.0
267.0,771.0,9.0,10.0,184.0
307.0,682.0,10.0,10.0,245.0
219.0,190.0,9.0,10.0,197.0
454.0,2743.0,9.0,8.0,246.0
364.0,294.0,9.0,10.0,204.0
220.0,1503.0,9.0,8.0,159.0
441.0,1493.0,10.0,9.0,241.0
301.0,462.0,9.0,8.0,223.0
443.0,313.0,9.0,11.0,242.0
252.0,1048.0,9.0,9.0,204.0
208.0,838.0,9.0,10.0,231.0
258.0,667.0,9.0,10.0,205.0
267.0,176.0,10.0,10.0,208.0
224.0,282.0,9.0,10.0,210.0
191.0,344.0,9.0,10.0,306.0
246.0,379.0,8.0,9.0,180.0
218.0,327.0,9.0,9.0,253.0
297.0,336.0,9.0,9.0,215.0
389.0,486.0,9.0,10.0,189.0
210.0,281.0,9.0,10.0,192.0
159.0,1326.0,9.0,8.0,184.0
196.0,309.0,10.0,9.0,285.0
273.0,828.0,10.0,9.0,255.0
198.0,715.0,10.0,10.0,257.0
389.0,691.0,10.0,10.0,273.0
200.0,543.0,9.0,9.0,214.0
323.0,780.0,9.0,8.0,259.0
175.0,562.0,10.0,9.0,299.0
137.0,601.0,9.0,10.0,218.0
207.0,1143.0,9.0,9.0,215.0
250.0,329.0,11.0,9.0,246.0
428.0,325.0,9.0,10.0,254.0
228.0,1231.0,9.0,8.0,180.0
193.0,527.0,9.0,9.0,221.0
307.0,1825.0,11.0,10.0,228.0
399.0,375.0,10.0,10.0,246.0
303.0,1242.0,11.0,10.0,234.0
321.0,445.0,10.0,10.0,204.0
324.0,639.0,8.0,9.0,238.0
260.0,492.0,10.0,10.0,193.0
247.0,442.0,9.0,11.0,196.0
216.0,512.0,10.0,10.0,282.0
250.0,2125.0,8.0,9.0,313.0
396.0,437.0,8.0,9.0,208.0
258.0,960.0,9.0,10.0,256.0
298.0,345.0,9.0,11.0,190.0
192.0,3025.0,10.0,10.0,221.0
259.0,684.0,10.0,9.0,254.0
422.0,210.0,9.0,10.0,228.0
746.0,1266.0,9.0,8.0,326.0
203.0,1212.0,9.0,9.0,203.0
343.0,786.0,9.0,10.0,212.0
640.0,736.0,10.0,10.0,236.0
502.0,1014.0,8.0,9.0,185.0
486.0,1068.0,10.0,10.0,228.0
474.0,1129.0,10.0,10.0,205.0
347.0,314.0,9.0,10.0,247.0
536.0,569.0,10.0,10.0,235.0
256.0,369.0,10.0,10.0,193.0
799.0,605.0,10.0,9.0,161.0
565.0,677.0,9.0,10.0,261.0
2081.0,745.0,10.0,9.0,211.0
898.0,567.0,10.0,8.0,276.0
2344.0,554.0,10.0,10.0,310.0
1008.0,332.0,9.0,9.0,242.0
382.0,545.0,10.0,10.0,300.0
675.0,302.0,8.0,10.0,237.0
375.0,424.0,10.0,9.0,268.0
915.0,445.0,9.0,8.0,469.0
231.0,651.0,11.0,10.0,337.0
1435.0,416.0,9.0,9.0,292.0
1542.0,285.0,8.0,9.0,203.0
484.0,360.0,9.0,9.0,211.0
462.0,218.0,9.0,10.0,246.0
904.0,335.0,9.0,9.0,269.0
385.0,268.0,8.0,10.0,273.0
401.0,328.0,11.0,10.0,193.0
499.0,711.0,10.0,9.0,266.0
639.0,496.0,10.0,9.0,203.0
395.0,287.0,9.0,11.0,199.0
192.0,456.0,10.0,10.0,519.0
323.0,896.0,9.0,9.0,338.0
422.0,349.0,9.0,10.0,390.0
247.0,1327.0,10.0,10.0,382.0
213.0,231.0,9.0,9.0,346.0
1018.0,389.0,10.0,9.0,329.0
213.0,377.0,8.0,9.0,297.0
214.0,858.0,10.0,8.0,342.0
210.0,312.0,9.0,9.0,543.0
308.0,446.0,9.0,10.0,381.0
296.0,1562.0,11.0,8.0,288.0
432.0,525.0,9.0,9.0,308.0
436.0,744.0,9.0,10.0,301.0
501.0,635.0,10.0,11.0,256.0
234.0,520.0,10.0,10.0,389.0
248.0,875.0,9.0,9.0,342.0
387.0,469.0,9.0,9.0,275.0
381.0,672.0,10.0,9.0,258.0
312.0,835.0,9.0,9.0,564.0
226.0,2017.0,10.0,10.0,244.0
394.0,480.0,9.0,9.0,261.0
387.0,518.0,9.0,9.0,290.0
361.0,834.0,10.0,9.0,263.0
210.0,1518.0,9.0,8.0,270.0
291.0,1823.0,10.0,8.0,372.0
317.0,2160.0,10.0,10.0,266.0
290.0,2264.0,10.0,10.0,635.0
217.0,301.0,8.0,9.0,368.0
191.0,365.0,9.0,9.0,249.0
386.0,2692.0,10.0,9.0,172.0
165.0,1324.0,10.0,8.0,357.0
270.0,890.0,8.0,9.0,284.0
454.0,154.0,10.0,10.0,226.0
282.0,363.0,9.0,10.0,257.0
494.0,903.0,10.0,8.0,214.0
376.0,1076.0,9.0,9.0,222.0
271.0,531.0,10.0,9.0,195.0
301.0,868.0,9.0,9.0,305.0
188.0,659.0,9.0,8.0,273.0
347.0,2773.0,10.0,9.0,303.0
295.0,1099.0,9.0,9.0,320.0
210.0,829.0,11.0,9.0,264.0
232.0,1990.0,10.0,9.0,230.0
180.0,2212.0,10.0,11.0,184.0
438.0,408.0,11.0,8.0,409.0
212.0,498.0,10.0,10.0,336.0
290.0,984.0,10.0,9.0,294.0
166.0,953.0,9.0,8.0,271.0
334.0,1249.0,9.0,10.0,332.0
180.0,735.0,11.0,8.0,231.0
295.0,713.0,10.0,10.0,213.0
355.0,1330.0,10.0,10.0,291.0
315.0,572.0,10.0,8.0,184.0
310.0,839.0,8.0,8.0,293.0
230.0,798.0,9.0,9.0,284.0
209.0,297.0,9.0,10.0,271.0
399.0,736.0,9.0,11.0,264.0
523.0,674.0,9.0,9.0,291.0
739.0,284.0,8.0,8.0,237.0
351.0,800.0,9.0,9.0,187.0
1016.0,453.0,10.0,10.0,281.0
540.0,809.0,9.0,8.0,312.0
379.0,1643.0,10.0,9.0,216.0
461.0,2097.0,9.0,10.0,215.0
549.0,639.0,8.0,8.0,298.0
378.0,989.0,9.0,10.0,223.0
507.0,287.0,10.0,10.0,216.0
502.0,413.0,9.0,9.0,209.0
276.0,615.0,9.0,10.0,302.0
533.0,2366.0,10.0,9.0,308.0
750.0,337.0,10.0,9.0,277.0
455.0,206.0,9.0,10.0,272.0
1392.0,775.0,9.0,10.0,259.0
269.0,1302.0,8.0,10.0,500.0
499.0,1576.0,10.0,9.0,496.0
269.0,318.0,9.0,10.0,194.0
228.0,600.0,9.0,8.0,249.0
419.0,346.0,10.0,9.0,264.0
209.0,828.0,9.0,11.0,264.0
260.0,242.0,9.0,10.0,201.0
348.0,256.0,9.0,9.0,321.0
323.0,543.0,10.0,8.0,203.0
422.0,403.0,9.0,9.0,218.0
273.0,743.0,10.0,10.0,296.0
181.0,820.0,10.0,9.0,245.0
189.0,724.0,10.0,9.0,249.0
571.0,289.0,10.0,9.0,221.0
229.0,379.0,10.0,9.0,322.0
640.0,350.0,8.0,10.0,365.0
395.0,522.0,10.0,9.0,259.0
436.0,608.0,8.0,10.0,240.0
224.0,354.0,10.0,10.0,247.0
241.0,563.0,9.0,9.0,372.0
627.0,797.0,9.0,10.0,254.0
170.0,381.0,8.0,10.0,282.0
516.0,201.0,10.0,10.0,233.0
279.0,744.0,9.0,9.0,292.0
230.0,374.0,8.0,10.0,198.0
512.0,551.0,11.0,11.0,215.0
395.0,323.0,9.0,10.0,199.0
1440.0,812.0,8.0,9.0,334.0
193.0,266.0,10.0,10.0,264.0
501.0,637.0,8.0,8.0,326.0
381.0,599.0,10.0,10.0,194.0
363.0,502.0,10.0,10.0,250.0
1964.0,418.0,11.0,8.0,282.0
517.0,435.0,10.0,10.0,255.0
1240.0,330.0,9.0,9.0,260.0
483.0,290.0,10.0,9.0,294.0
395.0,415.0,9.0,10.0,259.0
729.0,213.0,8.0,9.0,207.0
1430.0,669.0,10.0,9.0,233.0
1533.0,422.0,10.0,10.0,229.0
412.0,250.0,9.0,9.0,320.0
951.0,277.0,11.0,10.0,259.0
1445.0,252.0,9.0,9.0,210.0
733.0,296.0,10.0,8.0,211.0
1372.0,297.0,10.0,9.0,208.0
1281.0,319.0,8.0,10.0,388.0
1388.0,293.0,10.0,10.0,239.0
1623.0,353.0,9.0,10.0,267.0
232.0,222.0,10.0,10.0,333.0
967.0,210.0,8.0,9.0,319.0
1153.0,312.0,9.0,9.0,298.0
702.0,305.0,8.0,9.0,192.0
1282.0,204.0,9.0,10.0,232.0
982.0,383.0,10.0,9.0,243.0
1635.0,251.0,10.0,10.0,194.0
1123.0,201.0,10.0,8.0,233.0
2928.0,261.0,9.0,10.0,428.0
295.0,238.0,9.0,9.0,260.0
108.0,363.0,10.0,8.0,224.0
1210.0,237.0,9.0,10.0,279.0
1730.0,366.0,8.0,10.0,223.0
351.0,246.0,8.0,10.0,225.0
2039.0,223.0,9.0,10.0,282.0
1788.0,230.0,10.0,10.0,248.0
474.0,730.0,10.0,10.0,188.0
447.0,261.0,10.0,9.0,263.0
527.0,329.0,10.0,10.0,207.0
485.0,210.0,10.0,9.0,210.0
1769.0,431.0,9.0,9.0,371.0
675.0,205.0,9.0,8.0,216.0
1784.0,420.0,9.0,10.0,191.0
3111.0,347.0,10.0,8.0,336.0
3143.0,512.0,10.0,10.0,225.0
1324.0,285.0,9.0,9.0,227.0
369.0,310.0,9.0,9.0,189.0
2779.0,293.0,9.0,9.0,269.0
879.0,296.0,9.0,10.0,272.0
3456.0,336.0,8.0,9.0,278.0
845.0,231.0,10.0,10.0,257.0
1110.0,165.0,10.0,9.0,248.0
